id,attempt,kind,platform,theme,intent,hypothesis,wave,status,errorClass,durationMs,startedAt,rawResults,onsiteResults,offsiteDropped,emptySite
a3-s01,1,frozen,,survey,,,frozen,ok,,71260,2026-10-03T03:13:36.969Z,9,9,0,0
a3-s02,1,frozen,,survey,,,frozen,ok,,13735,2026-10-03T03:14:49.457Z,9,9,0,0
a3-s03,1,frozen,,survey,,,frozen,ok,,25997,2026-10-03T03:15:04.379Z,5,5,0,0
a3-s04,1,frozen,,survey,,,frozen,ok,,26160,2026-10-03T03:15:31.642Z,9,9,0,0
a3-s05,1,frozen,,survey,,,frozen,ok,,15886,2026-10-03T03:15:59.279Z,9,9,0,0
a3-s06,1,frozen,,survey,,,frozen,ok,,12955,2026-10-03T03:16:18.676Z,7,7,0,0
a3-s07,1,frozen,,survey,,,frozen,ok,,9355,2026-10-03T03:16:32.927Z,9,9,0,0
a3-s08,1,frozen,,survey,,,frozen,ok,,37281,2026-10-03T03:16:44.389Z,9,9,0,0
a3-s09,1,frozen,,survey,,,frozen,blocked,brd_error,13238,2026-10-03T03:17:23.013Z,0,0,0,0
a3-s10,1,frozen,,survey,,,frozen,ok,,28513,2026-10-03T03:17:37.474Z,8,8,0,0
a3-s11,1,frozen,,survey,,,frozen,ok,,17917,2026-10-03T03:18:07.485Z,9,9,0,0
a3-s12,1,frozen,,survey,,,frozen,ok,,12460,2026-10-03T03:18:26.669Z,9,9,0,0
a3-s13,1,frozen,,survey,,,frozen,ok,,5001,2026-10-03T03:18:40.382Z,9,9,0,0
a3-s14,1,frozen,,survey,,,frozen,ok,,8313,2026-10-03T03:18:46.758Z,9,9,0,0
a3-s15,1,frozen,,survey,,,frozen,ok,,9624,2026-10-03T03:18:56.271Z,9,9,0,0
a3-s16,1,frozen,,survey,,,frozen,ok,,13299,2026-10-03T03:19:07.070Z,8,8,0,0
a3-s17,1,frozen,,survey,,,frozen,ok,,8081,2026-10-03T03:19:21.936Z,9,9,0,0
a3-s18,1,frozen,,survey,,,frozen,ok,,10117,2026-10-03T03:19:31.467Z,9,9,0,0
a3-s19,1,frozen,,survey,,,frozen,ok,,9449,2026-10-03T03:19:44.690Z,9,9,0,0
a3-s20,1,frozen,,survey,,,frozen,ok,,5032,2026-10-03T03:19:55.361Z,9,9,0,0
a3-s21,1,frozen,,survey,,,frozen,ok,,14333,2026-10-03T03:20:01.610Z,9,9,0,0
a3-s22,1,frozen,,survey,,,frozen,ok,,16361,2026-10-03T03:20:17.072Z,9,9,0,0
a3-s23,1,frozen,,survey,,,frozen,ok,,16687,2026-10-03T03:20:34.968Z,7,7,0,0
a3-s24,1,frozen,,survey,,,frozen,blocked,brd_error,51382,2026-10-03T03:20:52.773Z,0,0,0,0
a3-s25,1,frozen,,survey,,,frozen,blocked,brd_error,3283,2026-10-03T03:21:45.266Z,0,0,0,0
a3-s26,1,frozen,,survey,,,frozen,ok,,6622,2026-10-03T03:21:50.854Z,8,8,0,0
a3-s27,1,frozen,,survey,,,frozen,ok,,9774,2026-10-03T03:21:58.902Z,8,8,0,0
a3-s28,1,frozen,,survey,,,frozen,ok,,15063,2026-10-03T03:22:09.789Z,9,9,0,0
a3-s29,1,frozen,,survey,,,frozen,ok,,13336,2026-10-03T03:22:26.009Z,9,9,0,0
a3-s30,1,frozen,,survey,,,frozen,ok,,28594,2026-10-03T03:22:40.453Z,9,9,0,0
a3-c01,1,frozen,reddit,community,,,frozen,ok,,7549,2026-10-03T03:23:50.711Z,10,10,0,0
a3-c02,1,frozen,reddit,community,,,frozen,ok,,11001,2026-10-03T03:23:59.356Z,10,10,0,0
a3-c03,1,frozen,reddit,community,,,frozen,ok,,7311,2026-10-03T03:24:11.641Z,10,10,0,0
a3-c04,1,frozen,reddit,community,,,frozen,ok,,15147,2026-10-03T03:24:20.071Z,10,10,0,0
a3-c05,1,frozen,reddit,community,,,frozen,ok,,4545,2026-10-03T03:24:36.459Z,10,10,0,0
a3-c06,1,frozen,reddit,community,,,frozen,ok,,27268,2026-10-03T03:24:42.123Z,10,10,0,0
a3-c07,1,frozen,reddit,community,,,frozen,ok,,17490,2026-10-03T03:25:10.487Z,8,4,4,0
a3-c08,1,frozen,reddit,community,,,frozen,ok,,15005,2026-10-03T03:25:29.086Z,10,9,1,0
a3-c09,1,frozen,reddit,community,,,frozen,ok,,16514,2026-10-03T03:25:45.192Z,10,10,0,0
a3-c10,1,frozen,reddit,community,,,frozen,blocked,brd_error,7187,2026-10-03T03:26:02.809Z,0,0,0,0
a3-c11,1,frozen,youtube,community,,,frozen,ok,,20204,2026-10-03T03:26:11.106Z,10,10,0,0
a3-c12,1,frozen,youtube,community,,,frozen,ok,,8419,2026-10-03T03:26:33.024Z,10,10,0,0
a3-c13,1,frozen,youtube,community,,,frozen,ok,,13313,2026-10-03T03:26:42.546Z,10,10,0,0
a3-c14,1,frozen,youtube,community,,,frozen,ok,,15866,2026-10-03T03:26:57.058Z,10,10,0,0
a3-c15,1,frozen,tiktok,community,,,frozen,ok,,2919,2026-10-03T03:27:14.356Z,10,10,0,0
a3-c16,1,frozen,tiktok,community,,,frozen,ok,,15601,2026-10-03T03:27:19.338Z,9,8,1,0
a3-c17,1,frozen,tiktok,community,,,frozen,ok,,11528,2026-10-03T03:27:36.860Z,10,10,0,0
a3-c18,1,frozen,tiktok,community,,,frozen,blocked,brd_error,13713,2026-10-03T03:27:49.806Z,0,0,0,0
a3-s09,2,frozen,,survey,,,frozen,ok,,14707,2026-10-03T03:28:37.985Z,8,8,0,0
a3-s24,2,frozen,,survey,,,frozen,ok,,5786,2026-10-03T03:28:53.922Z,9,9,0,0
a3-s25,2,frozen,,survey,,,frozen,ok,,16195,2026-10-03T03:29:00.884Z,9,9,0,0
a3-d01,1,frozen,,disconfirm,,,frozen,ok,,15900,2026-10-03T04:33:42.951Z,9,9,0,0
a3-d03,1,frozen,,disconfirm,,,frozen,ok,,12277,2026-10-03T04:34:01.078Z,8,8,0,0
a3-d04,1,frozen,,disconfirm,,,frozen,ok,,13899,2026-10-03T04:34:15.304Z,9,9,0,0
a3-d05,1,frozen,,disconfirm,,,frozen,ok,,12617,2026-10-03T04:34:31.216Z,9,9,0,0
