recordId,host,platform,firstSeen,queryIds,anonymisedPath
005af4f7b5ee0754,create.roblox.com,other,2026-10-03T03:18:25.402Z,a3-s11;a3-s12,/docs/production/roblox-user-base
01259254d17e81a9,romhacking.net,other,2026-10-03T03:20:33.433Z,a3-s22,/forum/index.php
014de28eedea41f8,youtube.com,youtube,2026-10-03T03:26:31.310Z,a3-c11,/watch
0232692eee476547,reddit.com,reddit,2026-10-03T03:20:00.393Z,a3-s20,/r/gamedev/comments/16684yn/is_34_too_old_to_get_into_this_industry_from_zero
0286461b0c41599a,reddit.com,reddit,2026-10-03T03:23:58.260Z,a3-c01,/r/modhelp/comments/mkq8ok/question_is_there_an_age_minimum_to_be_a_mod
02fac175f6957135,tiktok.com,tiktok,2026-10-03T03:27:34.939Z,a3-c16,/discover/how-to-create-your-own-game
03d2a115bfd757a0,about.roblox.com,other,2026-10-03T03:18:39.129Z,a3-s12,/safety
03d98a83a2dc08dd,facebook.com,other,2026-10-03T03:19:41.584Z,a3-s18;a3-s20,/groups/132728896890594/posts/3127988764031244
058eb1227acde9c7,facebook.com,other,2026-10-03T04:34:13.355Z,a3-d03,/groups/coding4beginners/posts/1358037135000621
058f85010190ba8d,pocketgamer.biz,other,2026-10-03T03:18:45.383Z,a3-s13,/half-of-all-game-development-could-be-done-by-ai-within-10-years
060504f90fa86b5a,romhacking.net,other,2026-10-03T03:20:33.433Z,a3-s22,/forum/index.php
08d6f15617669959,statista.com,other,2026-10-03T03:18:25.402Z,a3-s11,/statistics/1190869/roblox-games-users-global-distribution-age
0abd0a986d24c349,pmc.ncbi.nlm.nih.gov,other,2026-10-03T03:18:55.071Z,a3-s14,/articles/PMC13490029
0acc66416fcc8a46,reddit.com,reddit,2026-10-03T03:24:10.357Z,a3-c02,/r/CharacterAiHangout/comments/1h93y7b/subreddit_age_demographics
0b6d89996c5b8596,unity.com,other,2026-10-03T03:19:41.584Z,a3-s18,/products
0c065aede5227eb2,nexusmods.com,nexusmods,2026-10-03T03:15:57.802Z,a3-s04,/about
0d62b3556e211569,reddit.com,reddit,2026-10-03T03:18:45.383Z,a3-s13,/r/SampleSize/comments/17m0or4/market_research_survey_for_gamers_of_all_ages
0d83dc917a139679,youtube.com,youtube,2026-10-03T03:26:31.310Z,a3-c11,/watch
0d879bc00f8f0665,hudexchange.info,other,2026-10-03T03:28:59.708Z,a3-s24,/programs/census/low-mod-income-summary-data/faqs
0d9ba3064970847f,digitalcxo.com,other,2026-10-03T04:34:43.833Z,a3-d05,/article/game-developers-are-making-more-than-games
0f360510f04e3155,about.roblox.com,other,2026-10-03T03:18:39.129Z,a3-s12,/newsroom/2026/02/moving-beyond-self-reported-age
0fccd763dc7e8428,stackoverflow.blog,other,2026-10-03T03:22:08.676Z,a3-s27,/2021/01/12/want-to-teach-your-kids-to-code-here-are-three-apps-that-can-help
10b39736343a4d96,tiktok.com,tiktok,2026-10-03T03:27:48.388Z,a3-c17,/@[handle]/video/7646063040844057869
1374b574438f3050,rpubs.com,other,2026-10-03T03:14:48.229Z,a3-s01,/Lemonici/MiSTerSurvey2021Code
13fbdf825b2c7a2d,youtube.com,youtube,2026-10-03T03:27:12.924Z,a3-c14,/watch
1612a3bc82721871,youtube.com,youtube,2026-10-03T03:26:41.443Z,a3-c12,/watch
16b21c20cf5a0b56,reddit.com,reddit,2026-10-03T03:24:41.004Z,a3-c05,/r/feedthebeast/comments/q7ykom/i_want_to_learn_to_create_minecraft_mods_where_do
16b7814af566a8fa,eyeonhousing.org,other,2026-10-03T04:33:58.851Z,a3-d01,/tag/age-of-housing-stock
1704c61b07ec4b72,gamemaker.io,other,2026-10-03T03:19:54.139Z,a3-s19,/es/legal/gamemaker-terms-of-service
1749547b11266334,tiktok.com,tiktok,2026-10-03T03:22:39.345Z,a3-s29,/@[handle]/video/7690612196191112462
17ae7a133a282512,reddit.com,reddit,2026-10-03T03:24:10.357Z,a3-c02,/r/Deltarune/comments/1vijcxu/subreddit_ages
199f79d5a54bf1cf,facebook.com,other,2026-10-03T03:28:59.708Z,a3-s24,/groups/54461318571/posts/10161811499378572
1af4c7932746cb23,oldprodutos.amplifica.me,other,2026-10-03T03:22:08.676Z,a3-s27,/study/IzRAys5AD168/Coding-Games-For-Kids
1b1f173d112048e5,jyx.jyu.fi,other,2026-10-03T03:20:51.655Z,a3-s23,/bitstreams/51322f6f-9e77-4d9e-a3b6-006059227e66/download
1b8a79f37c78b9a3,instagram.com,other,2026-10-03T03:20:00.393Z,a3-s20,/reel/DcRfOjutbll
1bfcd85dba688644,gamedev.net,other,2026-10-03T03:19:30.017Z,a3-s17,/news/4519-godot-community-poll-2026
1d1ed9cba223c914,newsletter.gamediscover.co,other,2026-10-03T03:16:31.631Z,a3-s06,/p/does-ugc-power-sales-and-retention
1d773297c4ed65d9,sparkmap.org,other,2026-10-03T04:33:58.851Z,a3-d01,/data-info/housing-stock-age
1d9ef84d318b1c84,theesa.com,other,2026-10-03T03:19:54.139Z,a3-s19,/annual-esa-study-reveals-video-games-universal-appeal-across-generations
1e2ca2d4816c7e41,facebook.com,other,2026-10-03T03:22:08.676Z,a3-s27,/groups/325193205650871/posts/1010278887142296
1e38c7596c0b3f36,westonludeke.com,other,2026-10-03T04:34:13.355Z,a3-d03,/where-to-begin-your-journey-learning-how-to-code-for-absolute-newbies
1e5776d1e5f12be0,youtube.com,youtube,2026-10-03T03:27:12.924Z,a3-c14,/watch
1e7b5accbded6e85,steamdb.info,other,2026-10-03T03:17:21.670Z,a3-s08,/charts
1ea68fbf4590213f,reddit.com,reddit,2026-10-03T03:23:58.260Z,a3-c01,/r/OurLifeFanPage/comments/1nc1kyi/modding_olba
221cb3b227d19467,youtube.com,youtube,2026-10-03T03:18:05.987Z,a3-s10,/post/UgkxtlhxbSjz0f8v2ddCQogx8onRwzl1t5n3
22719d83b6da135e,roadtovr.com,other,2026-10-03T03:15:30.376Z,a3-s03,/oculus-rift-s-account-half-headsets-steam-survey-july-2019
236fa328da4ce5ea,theguardian.com,other,2026-10-03T03:16:31.631Z,a3-s06,/technology/2026/jul/29/department-for-education-police-hackers-cybercrime
2372d5bbddda9786,create.roblox.com,other,2026-10-03T03:18:25.402Z,a3-s11,/docs/production/analytics/demographics
239c88673796d719,youtube.com,youtube,2026-10-03T03:22:24.852Z,a3-s28,/watch
23ec8f2781c3ec7b,forbes.com,other,2026-10-03T03:16:31.631Z,a3-s06,/sites/mattgardner1/2022/04/07/game-modding-offers-huge-financial-opportunities-for-studios-in-2022
25023b2a02186d40,digitalcommons.odu.edu,other,2026-10-03T03:28:52.692Z,a3-s09,/cgi/viewcontent.cgi
252f202f249c4a04,researchgate.net,other,2026-10-03T03:28:52.692Z,a3-s09,/publication/404301081_Minecraft_Across_the_Lifespan_Demographics_Education_and_the_Evolution_of_Digital_Play
2577d288f76b61d5,socialexplorer.com,other,2026-10-03T04:33:58.851Z,a3-d01,/home/post/median-age-of-us-housing-stock-shines-light-on-home-affordability
25926b5bd57ddc2e,mdpi.com,other,2026-10-03T03:19:05.895Z,a3-s15,/1660-4601/19/9/5207
262c0e4c74218b2f,partner.steamgames.com,other,2026-10-03T03:17:21.670Z,a3-s08,/doc/features/workshop
26419daedb452af3,theesa.com,other,2026-10-03T03:21:57.476Z,a3-s26,/two-thirds-of-americans-play-video-games-every-week-according-tonew-report-from-the-entertainment-software-association
271619ff26aaf858,[handle].github.io,other,2026-10-03T03:17:21.670Z,a3-s08,/steam-workshop-stats
27eb16402eb1c2f1,reddit.com,reddit,2026-10-03T03:24:10.357Z,a3-c02,/r/Dimension20/comments/1ch0n2j/survey_of_age_of_people_on_this_subreddit
28504e5530bd470b,nziq.co.nz,other,2026-10-03T03:19:41.584Z,a3-s18,/pages/unity-certified-user
2a03f3c4b68ce46a,thehackernews.com,other,2026-10-03T03:16:31.631Z,a3-s06,/2025/06/1500-minecraft-players-infected-by-java.html
2a22a16346667c3c,jetlearn.com,other,2026-10-03T03:22:24.852Z,a3-s28,/blog/scratch-statistics
2a2febf042cdb486,reddit.com,reddit,2026-10-03T03:26:01.706Z,a3-c09,/r/gamemaker/comments/1q18pt6/what_simple_project_do_you_recommend_i_start_with
2a83578fd76a60b4,reddit.com,reddit,2026-10-03T03:24:41.004Z,a3-c05;a3-c06,/r/gamedev/comments/onxfue/how_do_people_make_mods_for_games_without_any
2ad54d060a3d3e54,youtube.com,youtube,2026-10-03T03:26:31.310Z,a3-c11,/watch
2b2869e72b77e247,esrb.org,other,2026-10-03T03:18:05.987Z,a3-s10,/blog/what-parents-need-to-know-about-minecraft
2b666c50e399e559,youtube.com,youtube,2026-10-03T03:16:42.282Z,a3-s07,/watch
2c0236484d72c41d,newyorkfed.org,other,2026-10-03T03:20:15.943Z,a3-s21,/microeconomics/sce
2c23d0211138201e,reddit.com,reddit,2026-10-03T03:24:10.357Z,a3-c02,/r/modhelp/comments/10are9h/can_you_create_a_reddit_poll_that_is_restricted
2d9d20e1f69a7a44,reddit.com,reddit,2026-10-03T03:19:41.584Z,a3-s18,/r/Unity3D/comments/37fssa/survey_learn_about_the_demography_of_runity3d
2e685eb536394cda,sciencedirect.com,other,2026-10-03T03:19:05.895Z,a3-s15,/science/article/abs/pii/S0361476X11000415
2e73c39b49861fcb,mdpi.com,other,2026-10-03T03:19:54.139Z,a3-s19,/1424-8220/22/9/3567
2ea0f2354017ef44,helgemaus.de,other,2026-10-03T03:19:30.017Z,a3-s17,/results-of-the-godot-community-poll-2026-are-here
2eec18efb550700d,youtube.com,youtube,2026-10-03T03:16:42.282Z,a3-s07,/shorts/t74rmHtVh48
2eec627277d1decc,facebook.com,other,2026-10-03T03:21:57.476Z,a3-s26,/TheEntertainmentSoftwareAssociation/posts/gameplay-has-no-age-limit-no-gender-no-single-type-of-player-at-37-todays-averag/1327209409547474
2ef1f52898fb7730,creatorscorp.gg,other,2026-10-03T03:19:20.369Z,a3-s16,/insights
2f812cb7cae6b1d5,minecraftforum.net,other,2026-10-03T03:28:52.692Z,a3-s09,/forums/minecraft-java-edition/discussion/3175626-so-how-would-you-define-minecrafts-eras
300a7fb7a8d771ed,gameservershub.com,other,2026-10-03T03:17:21.670Z,a3-s08,/steam-creators
3026ab37a91f2df0,reddit.com,reddit,2026-10-03T03:25:44.091Z,a3-c08,/r/skyrimmods/comments/sbtp7m/how_reasonable_is_it_to_actually_request_a_mod
315b5203ebe72d0a,biorxiv.org,other,2026-10-03T03:19:05.895Z,a3-s15,/content/10.1101/2025.05.02.651857v1.full-text
31a69698d13b42f9,scratch.mit.edu,other,2026-10-03T03:22:24.852Z,a3-s28,/discuss/topic/865793
333182d2b1fb168a,pocketgamer.biz,other,2026-10-03T03:19:20.369Z,a3-s16,/unreal-engine-for-fortnite-creator-payouts-surpass-1bn
33381a37874d6796,reddit.com,reddit,2026-10-03T03:14:48.229Z,a3-s01,/r/RomanceBooks/comments/1nnjf1y/community_survey_please_read
3392d81b050349bc,tiktok.com,tiktok,2026-10-03T03:27:34.939Z,a3-c16,/@[handle]/video/7445359135903829279
35ca9365c187a245,medium.com,other,2026-10-03T04:34:43.833Z,a3-d05,/@[handle]/why-game-modding-matters-b32f1227ec60
373b97f311b3775c,ageod-forum.com,other,2026-10-03T03:23:09.047Z,a3-s30,/viewforum.php
38ffc43a68f073af,gamedevjs.com,other,2026-10-03T03:20:00.393Z,a3-s20,/survey/2024
39840a92de88e5de,demographic-research.org,other,2026-10-03T03:18:55.071Z,a3-s14,/
3ab8f55d89b2cbf0,tiktok.com,tiktok,2026-10-03T03:27:34.939Z,a3-c16,/discover/how-to-start-making-my-own-game
3b3174868016307e,reddit.com,reddit,2026-10-03T03:25:09.391Z,a3-c06,/r/gamedev/comments/zvcbby/is_it_better_to_start_with_modding_games_vs
3bdc525f1c21b905,notta.ai,other,2026-10-03T03:18:05.987Z,a3-s10,/en/blog/minecraft-statistics
3cb45e86d1e835d0,moddb.com,moddb,2026-10-03T03:22:39.345Z,a3-s29,/polls/what-age-did-you-start-modding
3d7279fad1e54310,app2top.ru,other,2026-10-03T03:19:54.139Z,a3-s19,/wp-content/uploads/2024/07/GameMaker-sees-63-surge-in-young-users-after-free-access.pdf
3e48afa0d46d4756,facebook.com,other,2026-10-03T03:22:39.345Z,a3-s29,/groups/2708709282733740/permalink/3321965958074733
3e69f78fffedef0f,youtube.com,youtube,2026-10-03T03:26:55.859Z,a3-c13,/watch
3ebc6132e1add36d,wowinterface.com,other,2026-10-03T03:28:59.708Z,a3-s24,/downloads/info18316-CensusPlus.html
3f8c9b48724b9a39,tech-insider.org,other,2026-10-03T03:19:20.369Z,a3-s16,/ca/fortnite-creator-economy-1-billion-2026
4018b8af9dd7a907,quora.com,other,2026-10-03T03:19:41.584Z,a3-s18,/I-am-23-I-have-no-college-degree-and-I-want-to-learn-Unity-game-development-is-it-too-late
40a79d9f6e98bc79,tiktok.com,tiktok,2026-10-03T03:27:34.939Z,a3-c16,/@[handle]/video/7522484177007136007
41d7eeb68321300f,tiktok.com,tiktok,2026-10-03T03:27:48.388Z,a3-c17,/@[handle]/video/7650839839528537375
4272306a04ab9de9,[handle].github.io,other,2026-10-03T03:15:03.192Z,a3-s02;a3-s23,/files/game.pdf
433cb4b9b77dc33d,youtube.com,youtube,2026-10-03T03:22:39.345Z,a3-c14;a3-s29,/watch
434e104c5697cac2,pocketgamer.biz,other,2026-10-03T03:18:45.383Z,a3-s13,/developers-how-will-you-publish-and-finance-your-next-game-have-your-say
443ecd7177ccce1b,reddit.com,reddit,2026-10-03T03:24:18.952Z,a3-c03;a3-c04,/r/gamedev/comments/uanu4u/what_game_should_a_beginner_mod
4514276e559fcd97,reddit.com,reddit,2026-10-03T03:24:41.004Z,a3-c05,/r/Modding/comments/1i8lpo9/how_to_create_mods
456aee84b2013408,en.wikipedia.org,other,2026-10-03T03:22:39.345Z,a3-s29,/wiki/Video_game_modding
45ec47485821c58e,jaredoleary.com,other,2026-10-03T04:34:13.355Z,a3-d03,/csk8feed/6
469a78e8d3a3dbe7,shutterstock.com,other,2026-10-03T04:34:29.203Z,a3-d04,/search/web-developer-man
46d3ff623db2fc15,reddit.com,reddit,2026-10-03T03:25:27.977Z,a3-c07,/r/Minecraft/comments/1m4297q/i_only_play_with_mods
47a3d80527865a96,reddit.com,reddit,2026-10-03T03:24:35.218Z,a3-c04,/r/learnprogramming/comments/tb9bhj/how_does_modding_a_game_works
490129b0503d6494,reddit.com,reddit,2026-10-03T03:24:18.952Z,a3-c03;a3-c04;a3-c06,/r/gamedev/comments/104962f/should_i_start_modding_games_before_i_start
490283dbba803218,facebook.com,other,2026-10-03T04:34:43.833Z,a3-d05,/groups/7daystodie/posts/5874773409311408
49ad882f9d7cff41,tiktok.com,tiktok,2026-10-03T03:27:17.275Z,a3-c15,/@[handle]/video/7682976581605690637
49c2126d0ab89433,skala.io,other,2026-10-03T03:20:00.393Z,a3-s20,/blog/age-ratings-for-games-a-practical-guide-for-game-development-startups
4a85c69ed6eca0a7,dev.epicgames.com,other,2026-10-03T03:19:20.369Z,a3-s16,/documentation/fortnite/using-stat-creator-devices-in-fortnite-creative
4ab0921a38d2692a,deloitte.com,other,2026-10-03T03:20:15.943Z,a3-s21,/global/en/issues/work/genz-millennial-survey.html
4b95ba787bcc0f6f,steamcommunity.com,steam,2026-10-03T03:17:21.670Z,a3-s08,/workshop
4bb9c9c9089c7241,medium.com,other,2026-10-03T03:22:08.676Z,a3-s27,/free-code-camp/how-to-teach-programming-to-teenagers-2ecd43846f0d
4c62a26c5d0a8a9e,steamcommunity.com,steam,2026-10-03T03:23:09.047Z,a3-s30,/app/2772750/discussions/4
4cc9e28a14b0a9fa,surveyofindia.gov.in,other,2026-10-03T03:20:15.943Z,a3-s21,/
4dbdf0244fe80c27,youtube.com,youtube,2026-10-03T03:26:55.859Z,a3-c13,/watch
4e1b177e25b75d49,ecdis.be,other,2026-10-03T03:18:55.071Z,a3-s14,/publications/van%20de%20Oudeweetering%20&%20Agirdag%20%282018b%29.pdf
4e40dc2eb0f059ce,reddit.com,reddit,2026-10-03T03:20:33.433Z,a3-s22,/r/PokemonROMhacks/comments/1sbkifz/state_of_pok%C3%A9mon_romhacks_2026_community_survey
4f9d55a86746921f,reddit.com,reddit,2026-10-03T03:24:18.952Z,a3-c03,/r/gamedev/comments/1soo44p/how_difficult_is_modding_for_someone_with_zero
4fe57ff33afc79c1,reddit.com,reddit,2026-10-03T03:15:03.192Z,a3-s02,/r/SampleSize/comments/3qh1g8/mod_regarding_demographics
50318cc6beac282e,reddit.com,reddit,2026-10-03T03:25:09.391Z,a3-c06,/r/gamedev/comments/1aj7nzt/is_modding_harder_than_making_a_game
50613384d751b454,learncodethehardway.com,other,2026-10-03T04:34:13.355Z,a3-d03,/blog/32-very-deep-not-boring-beginner-projects
509f58eea695e578,reddit.com,reddit,2026-10-03T03:24:35.218Z,a3-c04,/r/feedthebeast/comments/4q8uzb/so_mod_development_programming_how_much_do_you
50a6fd80209be915,extremetech.com,other,2026-10-03T03:18:45.383Z,a3-s13,/gaming/game-developers-are-worried-about-ai-but-studios-are-using-it-anyway
518534de14c32133,forums.ageofempires.com,other,2026-10-03T03:23:09.047Z,a3-s30,/t/looking-for-a-mod-that-allows-you-to-age-up-to-age-5-after-a-revolution/287410
524d71738a9e4987,reddit.com,reddit,2026-10-03T03:26:01.706Z,a3-c09,/r/gamedev/comments/1eui32m/what_do_you_think_is_the_best_type_of_game_a
527592a51d2af1e3,youtube.com,youtube,2026-10-03T03:26:41.443Z,a3-c12,/watch
5285186515711951,iso.org,other,2026-10-03T03:20:15.943Z,a3-s21,/the-iso-survey.html
52f776fd101abcc3,youtube.com,youtube,2026-10-03T03:26:41.443Z,a3-c12,/watch
52f8f17ca8c284fd,hardwareretailing.com,other,2026-10-03T04:33:58.851Z,a3-d01,/median-age-of-owner-occupied-homes-hits-42-years-revealing-regional-divide
53f23a6f60c1b2b5,reddit.com,reddit,2026-10-03T03:19:54.139Z,a3-s19,/r/gamemaker/comments/54g250/hey_fellow_game_maker_users_how_old_are_you
54383590ce290212,youtube.com,youtube,2026-10-03T03:27:12.924Z,a3-c14,/watch
54f75e8da80799b3,maps.co.monterey.ca.us,other,2026-10-03T04:33:58.851Z,a3-d01,/portal/home/item.html
5570d611f6a85f23,reddit.com,reddit,2026-10-03T03:23:58.260Z,a3-c01,/r/SeikoMods/comments/1f5yc1r/modding_has_no_age_limits
570d2f53f05f39ba,pmc.ncbi.nlm.nih.gov,other,2026-10-03T03:19:05.895Z,a3-s15,/articles/PMC12622824
58b9f45dc1e7d3de,brightchamps.com,other,2026-10-03T03:22:24.852Z,a3-s28,/blog/scratch-stats
58e9ccc4b0fc1f38,facebook.com,other,2026-10-03T03:23:09.047Z,a3-s30,/groups/2229446861/posts/10159312387101862
593b9077949f4588,jmde.com,other,2026-10-03T03:18:55.071Z,a3-s14,/index.php/jmde_1/article/download/487/439
5954ee5cfbe4c014,reddit.com,reddit,2026-10-03T03:24:41.004Z,a3-c05,/r/feedthebeast/comments/1jys24o/how_to_actually_start_developing_my_own_mod
5974c03c57c1f56c,youtube.com,youtube,2026-10-03T03:27:12.924Z,a3-c14,/watch
59f9b73c72f93e5c,youtube.com,youtube,2026-10-03T03:26:55.859Z,a3-c13,/watch
5a5003a5020d0a7a,reddit.com,reddit,2026-10-03T03:26:01.706Z,a3-c09,/r/GameDevelopment/comments/1h2z18n/i_wanna_create_my_own_game_but_i_have_nothing
5abe62659efbda92,devforum.roblox.com,other,2026-10-03T03:18:25.402Z,a3-s11,/t/age-requirements-for-team-create-in-studio/4539725
5afbfe2b4b273be7,curseforge-ideas.overwolf.com,other,2026-10-03T03:16:42.282Z,a3-s07,/ideas/CF-I-3124
5b12150a6bafb207,clouddosage.com,other,2026-10-03T03:18:45.383Z,a3-s13,/2025-game-industry-survey-key-insights-and-trends
5b3949457630f30c,store.steampowered.com,other,2026-10-03T03:17:21.670Z,a3-s08,/news/15614
5be96c9418299a52,gamedeveloper.com,other,2026-10-03T03:20:00.393Z,a3-s20,/business/no-consoles-for-old-men-ageism-in-the-game-industry
5c4b00a50426aa50,facebook.com,other,2026-10-03T03:22:39.345Z,a3-s29,/groups/2229446861/posts/10159139847256862
5c4c7de3106a8633,reddit.com,reddit,2026-10-03T03:22:39.345Z,a3-c01;a3-s29,/r/Twitch/comments/1ak0nmz/how_old_should_you_be_to_be_a_mod
5cffe573cb238684,reddit.com,reddit,2026-10-03T03:24:18.952Z,a3-c03,/r/feedthebeast/comments/1al4dy0/can_somebody_with_no_coding_experience_at_least
60f4afe69ba95d36,dl.acm.org,other,2026-10-03T03:14:48.229Z,a3-s01,/doi/abs/10.1145/3313831.3376351
614628b3b5d60126,youtube.com,youtube,2026-10-03T03:26:31.310Z,a3-c11,/watch
6201d55af6b08c1a,en.m.uesp.net,other,2026-10-03T03:20:51.655Z,a3-s23,/wiki/UESPWiki:Survey_Results/New_Feature_Comments
620cf858ae5f7bfe,reddit.com,reddit,2026-10-03T03:24:35.218Z,a3-c04,/r/learnprogramming/comments/35iea1/creating_mods_for_video_games_as_a_learning
62e46a8060787b1d,opinvisindi.is,other,2026-10-03T03:19:05.895Z,a3-s15,/items/a1f5f313-da8b-4cdb-b55f-29486f099856
631c510644dc4c65,youtube.com,youtube,2026-10-03T03:29:17.079Z,a3-s25,/watch
63385682eb2a580d,youtube.com,youtube,2026-10-03T03:26:55.859Z,a3-c13,/watch
634fda1045e76fac,forums.unrealengine.com,other,2026-10-03T03:20:00.393Z,a3-s20,/t/average-age-of-a-successful-game-developer/33027
65283f2b57991d4c,tiktok.com,tiktok,2026-10-03T03:27:48.388Z,a3-c17,/@[handle]/video/7682633860483403021
65f7de8c692b3aa6,methods.sagepub.com,other,2026-10-03T03:18:55.071Z,a3-s14,/ency/edvol/the-sage-encyclopedia-of-communication-research-methods/chpt/survey-demographic-questions
6694a9d28bfcc61c,tiktok.com,tiktok,2026-10-03T03:27:17.275Z,a3-c15,/discover/how-to-get-a-mod-menu-on-repo
66c40ca5b156066a,reddit.com,reddit,2026-10-03T03:24:18.952Z,a3-c03,/r/IWantToLearn/comments/2nrdbb/iwtl_how_to_mod_games_with_no_coding_experience
675c84e21930950f,blockbase-tools.com,other,2026-10-03T03:18:05.987Z,a3-s10,/statistics/player-age-distribution
677c68108626afdd,reddit.com,reddit,2026-10-03T03:24:41.004Z,a3-c05,/r/skyrimmods/comments/1cdhzd8/creating_mods_for_complete_beginners_actually
67c9554efb046028,pinterest.com,other,2026-10-03T04:34:29.203Z,a3-d04,/ideas/developer-profile-picture/961764931718
67cf2513bd5a7011,scottishgames.net,other,2026-10-03T03:19:54.139Z,a3-s19,/2024/07/17/gamemaker-studio-sees-huge-increase-after-free-access-introduced
687a1c3b02663a40,mod.io,modio,2026-10-03T03:16:15.165Z,a3-s05,/u/[handle]/c
68868abf02f2566a,emerald.com,other,2026-10-03T03:19:05.895Z,a3-s15,/books/edited-volume/19634/chapter/104600208/Predictors-for-Intrinsic-MotivationStudents-Ages
68a7bcca5cbd2db6,researchgate.net,other,2026-10-03T03:19:05.895Z,a3-s15,/figure/The-relationship-between-age-grade-level-and-motivational-subscales_tbl1_326071057
68f7eabea6130e38,ixbt.games,other,2026-10-03T03:15:30.376Z,a3-s03,/en/news/2026/01/04/nintendo-switch-2-proizvoditelnee-xbox-series-s-razrabotciki-ark-sdelali-smeloe-zaiavlenie.html
690bffd82483865e,community.simtropolis.com,other,2026-10-03T03:28:59.708Z,a3-s24,/forums/topic/14313-census-repository-facility-version-2
696aace29c958821,tiktok.com,tiktok,2026-10-03T03:27:17.275Z,a3-c15,/@[handle]/video/7650564089437162765
699d4051107c0503,reddit.com,reddit,2026-10-03T03:24:10.357Z,a3-c02,/r/Cd_collectors/comments/1tmgri3/petition_to_the_mods_to_limit_guess_my_ageage
6ada3e217c9d85f1,nahb.org,other,2026-10-03T04:33:58.851Z,a3-d01,/blog/2026/03/how-old-is-todays-housing-stock
6b2a80164348787c,newsletter.gamediscover.co,other,2026-10-03T03:16:31.631Z,a3-s06,/p/analysis-ugc-still-powers-sales-and
6bbceb411a84ed90,nexusmods.com,nexusmods,2026-10-03T03:14:48.229Z,a3-s01,/chainsaw/news/12539
6c995731a43d730a,forums.funcom.com,other,2026-10-03T03:23:09.047Z,a3-s30,/t/when-will-funcom-buy-age-of-calamitous-mod/77611
6d8ff5758fe78483,bain.com,other,2026-10-03T03:19:54.139Z,a3-s19,/insights/gamer-survey-young-players-reshape-the-industry-gaming-report-2024
6e8d5e6829371f04,quora.com,other,2026-10-03T04:34:13.355Z,a3-d03;a3-d04,/Is-making-mods-a-good-way-to-get-experience-in-game-design-or-programming
701c6c0c705dbc56,youtube.com,youtube,2026-10-03T03:27:12.924Z,a3-c14,/watch
705fc479724552da,youtube.com,youtube,2026-10-03T03:29:17.079Z,a3-s25,/watch
70bc89fcfe5eef99,youtube.com,youtube,2026-10-03T03:26:31.310Z,a3-c11,/watch
710a0fde47d2069b,reddit.com,reddit,2026-10-03T03:26:01.706Z,a3-c09,/r/gamedev/comments/1adji3r/a_beginners_guide_to_indie_development
71dcd7db91b6ef69,youtube.com,youtube,2026-10-03T03:26:31.310Z,a3-c11,/watch
72ed5461093d65f5,funtech.co.uk,other,2026-10-03T03:19:41.584Z,a3-s18,/latest/can-10-year-olds-use-unit
74e8883c85a52ed6,reddit.com,reddit,2026-10-03T03:24:41.004Z,a3-c05,/r/feedthebeast/comments/1rmy66k/i_want_to_start_making_mods_but_idk_where_to_begin
770998d1a3def7e5,reddit.com,reddit,2026-10-03T03:23:58.260Z,a3-c01,/r/askcarguys/comments/1nqtqmj/is_car_modding_just_for_young_people
77e85f006cf11626,pokecommunity.com,other,2026-10-03T03:20:33.433Z,a3-s22,/threads/did-you-create-your-account-for-rom-hacking.281008/post-7549200
791b24280c64ede0,gamedeveloper.com,other,2026-10-03T04:34:43.833Z,a3-d05,/game-platforms/game-developer-research-debuts-state-of-game-development-report
794fe54102ce1dc7,reddit.com,reddit,2026-10-03T03:26:01.706Z,a3-c09,/r/unity/comments/17zf4p9/any_advice_for_beginners_using_unity
7953fa94c40159cd,reddit.com,reddit,2026-10-03T03:28:52.692Z,a3-s09,/r/feedthebeast/comments/1s9236/minecraft_modded_player_survey_december_2013
7958d1389ff9c703,la.myneighborhooddata.org,other,2026-10-03T04:33:58.851Z,a3-d01,/2024/11/median-year-built
79d07b755af8079a,statista.com,other,2026-10-03T03:18:39.129Z,a3-s12,/statistics/1190869/roblox-games-users-global-distribution-age
7aec26247e1c978b,youtube.com,youtube,2026-10-03T03:28:52.692Z,a3-s09,/watch
7c03a0121fa6c065,forum.paradoxplaza.com,other,2026-10-03T03:14:48.229Z,a3-s01,/forum/threads/modding-community-survey.563823/latest
7ce00b8d8e7d5567,youtube.com,youtube,2026-10-03T03:26:41.443Z,a3-c12,/watch
7d6dab8480fb7e75,tiktok.com,tiktok,2026-10-03T03:27:48.388Z,a3-c17,/@[handle]/video/7682830830565199135
7e0b47cb59771008,tiktok.com,tiktok,2026-10-03T03:27:48.388Z,a3-c17,/@[handle]/video/7692109184690703647
7e76152431b4b003,gameworldobserver.com,other,2026-10-03T03:19:54.139Z,a3-s19,/2024/07/12/gamemaker-new-young-users-after-free-license
7ea9f494b382f19b,reddit.com,reddit,2026-10-03T03:23:09.047Z,a3-c01;a3-s30,/r/feedthebeast/comments/n8cct5/what_is_the_average_age_of_modded_minecraft
7ecd02be9395d8b2,youtube.com,youtube,2026-10-03T04:34:13.355Z,a3-d03,/watch
816375b06d556ded,luthresearch.com,other,2026-10-03T03:15:03.192Z,a3-s02,/glossary/which-demographics-are-most-likely-to-respond-to-mobile-surveys
8279038b43597790,mod.io,modio,2026-10-03T03:16:15.165Z,a3-s05,/
838789b0a1d50741,reddit.com,reddit,2026-10-03T03:24:18.952Z,a3-c03;a3-c04;a3-c06;a3-d03,/r/gamedev/comments/qw6had/opinion_modding_is_a_great_way_to_learn_how_to
842edcf8f5cb37ef,wnhub.io,other,2026-10-03T03:15:30.376Z,a3-s03,/news/other/item-15726
845728094a5e443d,tiktok.com,tiktok,2026-10-03T03:27:48.388Z,a3-c17,/discover/how-it-feels-to-have-a-perfect-mod-idea
84e98c0e47712455,reddit.com,reddit,2026-10-03T03:29:17.079Z,a3-s25,/r/Census
86704b38690a41b1,reddit.com,reddit,2026-10-03T03:26:01.706Z,a3-c09,/r/gameideas
869fb7a96578d467,reddit.com,reddit,2026-10-03T03:24:41.004Z,a3-c05,/r/skyrimmods/wiki/begin2
87044cf08b6eafec,resetera.com,resetera,2026-10-03T03:29:17.079Z,a3-s25,/threads/ars-technica-mods-react-as-reddit-kicks-some-of-them-out-again-%E2%80%9Cthis-will-break-the-site%E2%80%9D.1299813
87465a2a0d0e3051,reddit.com,reddit,2026-10-03T03:25:44.091Z,a3-c08,/r/starfieldmods/comments/1gvmxvx/request_wednesday_all_mod_requests_go_here
8785f9935580a103,youtube.com,youtube,2026-10-03T03:26:31.310Z,a3-c11,/watch
879c9e5c07402887,youtube.com,youtube,2026-10-03T03:26:41.443Z,a3-c12,/watch
87faea8a2c4f53f4,en.help.roblox.com,other,2026-10-03T03:18:39.129Z,a3-s12,/hc/en-us/articles/39143693116052-Understanding-Age-Checks-on-Roblox
8826a67eccd15918,x.com,x,2026-10-03T03:18:05.987Z,a3-s10,/[handle]/status/1750973296131162584
8898314032da4c8b,theesa.com,other,2026-10-03T03:21:57.476Z,a3-s26,/resources/essential-facts-about-the-us-video-game-industry/2026-data
8974a2e1f5328a96,gamedeveloper.com,other,2026-10-03T03:19:41.584Z,a3-s18,/production/unity-claims-79-percent-of-developers-are-feeling-positive-about-generative-ai
8999370ba5e6ac25,linkedin.com,other,2026-10-03T03:18:25.402Z,a3-s11,/pulse/roblox-demographics-statistics-2025-mario-rami%C4%87-zkfnf
89a84a030dab6dc6,reddit.com,reddit,2026-10-03T03:26:01.706Z,a3-c09,/r/godot/comments/1oyp9q6/i_so_badly_want_to_create_a_game_but_im_such_a
89d0e4cd02bac540,reddit.com,reddit,2026-10-03T03:20:51.655Z,a3-s23,/r/skyrimmods/comments/qizuvl/here_are_the_results_skyrim_modding_community
89d32b6a34e6930b,quora.com,other,2026-10-03T03:22:39.345Z,a3-s29,/Approximately-how-many-people-actually-mod-games
8a3d04b2264f4fd7,reddit.com,reddit,2026-10-03T03:24:41.004Z,a3-c05,/r/gamedev/comments/1syy25h/how_to_learn_game_modding_a_beginnerfriendly
8ac9b2616359fab9,reddit.com,reddit,2026-10-03T03:25:44.091Z,a3-c08,/r/RimWorld/comments/1fsheyq/mod_idearequest
8af556b107fc1d0b,researchgate.net,other,2026-10-03T03:22:08.676Z,a3-s27,/publication/333393926_A_Customised_App_to_Attract_Female_Teenagers_to_Coding
8bbd2ca2d66d039b,reddit.com,reddit,2026-10-03T03:24:41.004Z,a3-c05,/r/feedthebeast/comments/1w4jybc/i_want_to_learn_how_to_make_mods_where_do_i_start
8bfcadb544ced504,youtube.com,youtube,2026-10-03T03:27:12.924Z,a3-c14,/watch
8d2729fc1b183ecc,forum.godotengine.org,other,2026-10-03T03:19:30.017Z,a3-s17,/
8e09b1b2fc32a914,facebook.com,other,2026-10-03T03:14:48.229Z,a3-s01,/groups/894658577271076/posts/24827430200233912
8f1afa88713b47b2,reddit.com,reddit,2026-10-03T03:15:57.802Z,a3-s04,/r/skyrimmods/comments/11e5s49/meta_some_nexus_statistics_more_sse_mods_are
8fb853df1c2c0a22,moddb.com,moddb,2026-10-03T03:16:15.165Z,a3-s05,/news/modio-mod-creators-survey
906aa755c2ce3823,takeaway-reality.com,other,2026-10-03T03:18:25.402Z,a3-s11;a3-s12,/post/roblox-demographics-statistics
910e4fb685ff1bbb,scratch.mit.edu,other,2026-10-03T03:22:24.852Z,a3-s28,/statistics
917cb3ebce8d1254,tiktok.com,tiktok,2026-10-03T03:27:17.275Z,a3-c15,/@[handle]/photo/7585873999125564679
9190c4e54d4e50a4,reddit.com,reddit,2026-10-03T03:23:58.260Z,a3-c01,/r/sims2/comments/1vi2fg3/hi_everyone_have_you_seen_that_lamare_made_a_mod
929dbe880939bdec,vecteezy.com,other,2026-10-03T04:34:29.203Z,a3-d04,/free-photos/software-developer
93e802ae562aa701,youtube.com,youtube,2026-10-03T03:26:31.310Z,a3-c11,/playlist
94c930d91ec47385,scratch.mit.edu,other,2026-10-03T03:22:24.852Z,a3-s28,/discuss/post/6481113
94e0dff77bda1820,mods.go.kr,other,2026-10-03T03:15:03.192Z,a3-s02,/menu.es
95a5c03cfc280b93,dlcompare.com,other,2026-10-03T03:15:30.376Z,a3-s03,/gaming-news/players-disapprove-as-nexus-mods-bans-stellar-blade-content-56553
9858e468a645b540,arstechnica.com,other,2026-10-03T03:29:17.079Z,a3-s25,/gadgets/2025/09/mods-react-as-reddit-kicks-some-of-them-out-again-this-will-break-the-site
992608234d682a8b,google.com,other,2026-10-03T03:21:57.476Z,a3-s26,/goto
99d9bd252651e58c,similarweb.com,other,2026-10-03T03:15:57.802Z,a3-s04,/website/nexusmods.com
9a8b2bc9fa36da82,tiktok.com,tiktok,2026-10-03T03:27:17.275Z,a3-c15,/@[handle]/video/7129543087172357381
9b78c87b7a4e0e5a,docs.curseforge.com,curseforge,2026-10-03T03:16:42.282Z,a3-s07,/docs/capabilities/analytics/dashboards
9b7d6a21ab6a8bf7,mod.io,modio,2026-10-03T03:16:15.165Z,a3-s05,/blog/monthly-update-february-2026
9e224e28ca675f53,census.gov,other,2026-10-03T04:33:58.851Z,a3-d01,/acs/www/about/why-we-ask-each-question/year-built
9f3efd9835b19770,oye.odwire.org,other,2026-10-03T03:22:08.676Z,a3-s27,/journal/vwzqj14AD143/Game-Programming-For-Teens-Maneesh-Sethi
9f8242b014ff283d,reddit.com,reddit,2026-10-03T03:23:58.260Z,a3-c01,/r/skyrimmods/comments/1ioay73/mod_to_make_your_character_grow_older_as_you_play
a09bf932aa6fb938,forms.cloud.microsoft,other,2026-10-03T03:20:15.943Z,a3-s21,/
a0adb534ed1de034,reddit.com,reddit,2026-10-03T03:26:01.706Z,a3-c09,/r/gamemaker/comments/1t0y6fg/wanted_to_make_an_undertale_fangame_in_gamemaker
a179947a4e0b7fb9,stock.adobe.com,other,2026-10-03T04:34:29.203Z,a3-d04,/search
a198d1d8a609470c,modding-openmw.com,other,2026-10-03T03:29:17.079Z,a3-s25,/mods/census-and-excise-office-faction
a3dcdb81425a5b38,ageofcivilizationsgame.com,other,2026-10-03T03:23:09.047Z,a3-s30,/topic/188699-age-of-modding-a-revolutional-pc-modding-assistant
a4871206bb0c5a78,discussions.unity.com,other,2026-10-03T03:19:41.584Z,a3-s18;a3-s20,/t/right-age-to-start-game-development/552062
a53e3e33d2371511,reddit.com,reddit,2026-10-03T03:24:10.357Z,a3-c02,/r/ask/comments/1ww9r43/why_are_subreddit_mods_always_on_a_power_trip
a53f7add4a50a902,reddit.com,reddit,2026-10-03T03:23:58.260Z,a3-c01,/r/de/comments/1lpr9n2/nexus_mods_f%C3%BChrt_altersverifizierung_ein_das_ende
a5e5e1bf41a81c95,quora.com,other,2026-10-03T03:22:08.676Z,a3-s27,/What-games-do-you-know-to-teach-programming-to-kids-and-or-what-game-would-you-like-to-be-created
a7e20026074197df,reddit.com,reddit,2026-10-03T03:25:44.091Z,a3-c08,/r/starfieldmods/comments/16zj4vw/request_wednesday_all_mod_requests_go_here
a895fc27e8cd13b3,ageofempires.fandom.com,fandom,2026-10-03T03:23:09.047Z,a3-s30,/wiki/Modding
a96fa1d411b11e58,reddit.com,reddit,2026-10-03T03:26:01.706Z,a3-c09,/r/gamedev/comments/1if489l/what_do_you_think_of_making_your_first_game_a_fan
aa6ded511dcb8bd2,tiktok.com,tiktok,2026-10-03T03:27:48.388Z,a3-c17,/@[handle]/video/7671500868839148830
aad41b2dc55db247,researchgate.net,other,2026-10-03T03:22:24.852Z,a3-s28,/figure/Ages-of-Registered-Users-Scratch-2019_fig1_337288125
ab4be068d95bad1c,forums.nexusmods.com,nexusmods,2026-10-03T03:14:48.229Z,a3-s01,/topic/7152666-participate-in-a-survey-about-modding-and-modders
ac1e298fb41b50e2,youtube.com,youtube,2026-10-03T03:26:41.443Z,a3-c12,/watch
ad8471f11bd40a32,researchgate.net,other,2026-10-03T03:22:39.345Z,a3-s29,/publication/258137455_Of_Mods_and_Modders_Chasing_Down_the_Value_of_Fan-Based_Digital_Game_Modifications
adf39fa04a6001d4,nexusmods.com,nexusmods,2026-10-03T03:20:51.655Z,a3-s23,/garlantmystory/news/12539
ae85ecd0122f22a1,curseforge.com,curseforge,2026-10-03T03:16:42.282Z,a3-s07,/minecraft/mc-mods/stats-view
aeaf6d6a4adbbab1,gflec.org,other,2026-10-03T03:20:15.943Z,a3-s21,/initiatives/sp-global-finlit-survey
aeb40693b883ca5f,tiktok.com,tiktok,2026-10-03T03:27:17.275Z,a3-c15,/@[handle]/video/7665060546823163167
aff25c3400d1a5bf,youtube.com,youtube,2026-10-03T03:19:20.369Z,a3-s16,/watch
b001b28141394118,apps.apple.com,other,2026-10-03T03:22:08.676Z,a3-s27,/us/app/code-teens-coding-for-kids/id6448747735
b0d4b719b059d1ad,reddit.com,reddit,2026-10-03T03:25:27.977Z,a3-c07,/r/unpopularopinion/comments/efc51b/i_dont_like_mods_for_games
b11c8ef41adefde5,reddit.com,reddit,2026-10-03T03:25:09.391Z,a3-c06,/r/gamedev/comments/1odrmn4/how_similar_do_you_guys_think_moddingmaking_rom
b14309e93dd05b49,gamefile.news,other,2026-10-03T03:20:00.393Z,a3-s20,/p/game-developer-age-nintendo-ubisoft-capcom-igda
b1d7ea85fdaf8e16,reddit.com,reddit,2026-10-03T03:18:05.987Z,a3-s10,/r/Minecraft/comments/1ex9jf3/average_age_of_minecraft_players
b2821f8b9ccb8f7c,reddit.com,reddit,2026-10-03T03:19:20.369Z,a3-s16,/r/FortniteCreative/comments/1l74yxm/fortnite_creators_whats_the_one_key_metric_you
b2d8f7b0dcada620,tracker.gg,other,2026-10-03T03:19:20.369Z,a3-s16,/fortnite/population/maps
b312a8ca5a1a53e6,gamesbeat.com,other,2026-10-03T03:18:45.383Z,a3-s13,/gdc-attendee-survey-chronicles-the-explosion-of-indie-gaming
b3e51b98c31f6729,reddit.com,reddit,2026-10-03T03:25:44.091Z,a3-c08,/r/starfieldmods/comments/1gfixl1/request_wednesday_all_mod_requests_go_here
b7b88a10899e4a88,tiktok.com,tiktok,2026-10-03T03:27:34.939Z,a3-c16,/discover/how-i-can-make-my-own-game
b7e7cae3399a026c,iro.uiowa.edu,other,2026-10-03T03:14:48.229Z,a3-s01,/view/pdfCoverPage
b840cd0d8e96edb3,daily.dev,other,2026-10-03T03:19:30.017Z,a3-s17,/posts/godot-community-poll-2026-godot-engine-anfldzxd4
b8849c290b74bea0,youtube.com,youtube,2026-10-03T03:26:41.443Z,a3-c12,/watch
b893171e2dee0ff4,github.com,github,2026-10-03T03:29:17.079Z,a3-s25,/[handle]/reddit-mods-dataset
b8d393d8011be190,extremetech.com,other,2026-10-03T03:18:45.383Z,a3-s13,/gaming/half-of-game-developers-work-at-studios-already-using-generative-ai-survey
b9377c89dbdefd48,steamcommunity.com,steam,2026-10-03T03:17:21.670Z,a3-s08,/discussions/forum/0/3183486320475418171
bb354570f5c35541,researchgate.net,other,2026-10-03T04:34:29.203Z,a3-d04,/publication/356143106_Modding_as_game_development_Investigating_the_influences_over_how_mods_are_made
bc9b48e9b006b6b8,sciencedirect.com,other,2026-10-03T03:18:55.071Z,a3-s14,/science/article/abs/pii/S0360131518300769
bcc332a7978b0306,users.nexusmods.com,nexusmods,2026-10-03T03:15:57.802Z,a3-s04,/register
bd57ce0be7445b30,mod.io,modio,2026-10-03T03:16:15.165Z,a3-s05,/g/eco/m/the-survey-mod
bd91655bd75671d6,reddit.com,reddit,2026-10-03T03:16:42.282Z,a3-s07,/r/feedthebeast/comments/wl5oae/curseforge_revenue_and_history
bdf20df2cb46d0df,nexusmods.com,nexusmods,2026-10-03T03:15:57.802Z,a3-s04,/
be75b6689ee2bb7f,hothardware.com,other,2026-10-03T03:16:31.631Z,a3-s06,/news/controversial-final-fantasy-14-mod
be8266712827fc96,gamedeveloper.com,other,2026-10-03T04:34:43.833Z,a3-d05,/game-platforms/modulum-survey-shows-game-ratings-sometimes-ignored
bf6a4a474bcb30d2,reddit.com,reddit,2026-10-03T03:24:18.952Z,a3-c03,/r/feedthebeast/comments/1riyf2v/i_want_to_start_making_minecraft_mods_but_i_have
bff1e26a4574f477,census.gov,other,2026-10-03T03:28:59.708Z,a3-s24,/library/video/2026/adrm/navigating-the-refreshed-home-page-on-data-census-gov.html
c0d624e8b323df16,researchgate.net,other,2026-10-03T03:18:55.071Z,a3-s14,/publication/316660684_The_Impact_of_Demographics_on_Choice_of_Survey_Modes_Demographic_Distinctiveness_between_Web-Based_and_Telephone-based_Survey_Respondents
c121bb5cb8cb5b50,dl.acm.org,other,2026-10-03T03:15:03.192Z,a3-s02,/doi/fullHtml/10.1145/3638380.3638386
c2196f25fd4f90ac,nngroup.com,other,2026-10-03T03:15:03.192Z,a3-s02,/articles/demographics-in-ux
c2c88be381bbfca0,reddit.com,reddit,2026-10-03T03:24:10.357Z,a3-c02,/r/SchoolSpirits/comments/1j8bqcb/age_poll_just_for_fun_mods_will_post_results
c39af29746c60560,reddit.com,reddit,2026-10-03T03:24:18.952Z,a3-c03,/r/feedthebeast/comments/1jhqfcg/how_hard_is_it_to_get_started_with_modding_with
c3e7d73110bae02a,reddit.com,reddit,2026-10-03T03:28:59.708Z,a3-s24;a3-s25,/r/popheads/comments/llzg9g/mod_update_the_popheads_300k_subreddit_census
c52c20c5fea115d4,reddit.com,reddit,2026-10-03T03:25:44.091Z,a3-c08,/r/nexusmods/comments/1kkj0tr/how_do_i_post_on_forums_for_mod_request_ideas
c5328479e45d24b3,romhacking.com,other,2026-10-03T03:20:33.433Z,a3-s22,/
c62d59bff936e444,afkmods.com,other,2026-10-03T03:20:51.655Z,a3-s23,/index.php
c71a0950073cb454,gettyimages.in,other,2026-10-03T04:34:29.203Z,a3-d04,/photos/software-developer
c73a0f4fe7d7d139,youtube.com,youtube,2026-10-03T03:26:31.310Z,a3-c11,/watch
c7748a2dcba33ac2,communitydata.science,other,2026-10-03T03:22:24.852Z,a3-s28,/scratch-data/users.html
c90c7a0494b2fa7d,reddit.com,reddit,2026-10-03T03:24:41.004Z,a3-c05,/r/gamedev/comments/rzrgbj/i_want_to_start_game_modding_but_i_dont_how_to
cab6d9f400b8c126,nexusmods.com,nexusmods,2026-10-03T03:15:57.802Z,a3-s04,/about/stats
cae9028034f46101,youtube.com,youtube,2026-10-03T03:26:55.859Z,a3-c13,/watch
cbcfe29f9a9be5bd,tiktok.com,tiktok,2026-10-03T03:27:34.939Z,a3-c16,/@[handle]/video/7457223477179796742
cc8a1c79d79f4e20,reddit.com,reddit,2026-10-03T03:21:57.476Z,a3-s26,/r/PS5/comments/1nmu1s0/2025_essential_facts_about_the_us_video_game
cca144079c61d8f2,facebook.com,other,2026-10-03T03:16:15.165Z,a3-s05,/modiohq/photos/were-rolling-out-a-large-study-about-mods-ugc-creators-preferences-httpsformsoff/1535763588559573
cce64f93afee230b,journals.sagepub.com,other,2026-10-03T03:14:48.229Z,a3-s01,/doi/10.1177/20427530211022964
cd2041b260531b71,tiktok.com,tiktok,2026-10-03T03:27:48.388Z,a3-c17,/@[handle]/video/7677063879704235294
cd3e0efe3c1cd92a,reddit.com,reddit,2026-10-03T03:26:01.706Z,a3-c09,/r/gamedev/comments/1plb4qk/tips_for_creating_the_first_game
cd5f9ea165404ed2,tiktok.com,tiktok,2026-10-03T03:27:34.939Z,a3-c16,/@[handle]/video/7610131500708810006
cd8e45f0821d714e,steamcommunity.com,steam,2026-10-03T03:17:21.670Z,a3-s08,/workshop/aboutpaidcontent
cd9ee49d2a74df71,youtube.com,youtube,2026-10-03T03:26:55.859Z,a3-c13,/watch
ce381c28a9d8c757,reddit.com,reddit,2026-10-03T03:25:27.977Z,a3-c07,/r/skyrim/comments/zah1dp/just_mod_it_just_dont_use_it_just_dont_play
ceec666533a0d7d5,merriam-webster.com,other,2026-10-03T03:20:15.943Z,a3-s21,/dictionary/survey
cf4066ad023ea259,reddit.com,reddit,2026-10-03T03:25:09.391Z,a3-c06,/r/gamedev/comments/13n14fo/any_tips_for_how_to_make_moddable_games
d1a0a42185cd554b,youtube.com,youtube,2026-10-03T03:26:55.859Z,a3-c13,/watch
d1bd4893b3e539fa,tiktok.com,tiktok,2026-10-03T03:27:17.275Z,a3-c15,/discover/rimworld-modding-tutorial
d220625c1daba721,youtube.com,youtube,2026-10-03T03:26:55.859Z,a3-c13,/watch
d2f4095111217fd1,thegamer.com,other,2026-10-03T03:16:31.631Z,a3-s06,/the-witcher-3-every-console-mod-september-30
d418d8e869391cd8,youtube.com,youtube,2026-10-03T03:27:12.924Z,a3-c14,/watch
d444b5434016da20,searchengineland.com,other,2026-10-03T03:18:25.402Z,a3-s11;a3-s12,/guide/roblox-users
d4add6aa957bb325,tiktok.com,tiktok,2026-10-03T03:27:17.275Z,a3-c15,/@[handle]/video/7671273278681435400
d4fe9db26a4c6915,reddit.com,reddit,2026-10-03T03:24:10.357Z,a3-c02,/r/DBZDokkanBattle/comments/14sofa1/poll_concerning_the_subreddits_18_designation
d5ed98f8ab4f79ac,tiktok.com,tiktok,2026-10-03T03:27:48.388Z,a3-c17,/discover/new-mod-ideas
d685572c5cda6421,romhacking.net,other,2026-10-03T03:20:33.433Z,a3-s22,/faq
d780294b4bd62230,gamesindustry.biz,other,2026-10-03T03:18:45.383Z,a3-s13,/over-10-percent-of-developers-are-making-games-for-the-next-generation
d853624cedbcb9b4,researchgate.net,other,2026-10-03T03:15:03.192Z,a3-s02,/publication/309128213_Analysis_of_Popularity_of_Game_Mods_A_Case_Study
d8ecf70c34e44e94,godotengine.org,other,2026-10-03T03:19:30.017Z,a3-s17,/community
d926e0af55899190,tng.lythgoes.net,other,2026-10-03T03:28:59.708Z,a3-s24,/wiki/index.php/Census_Feature
d93d5ba1cb906cdb,reddit.com,reddit,2026-10-03T03:24:35.218Z,a3-c04;a3-c06,/r/gamedev/comments/9yftka/modding_as_a_gateway_into_game_design_good_idea
d9b76729f77da6b4,reddit.com,reddit,2026-10-03T03:25:09.391Z,a3-c06,/r/GameDevelopment/comments/1lii39j/how_do_i_program_my_game_in_a_way_that_makes
daa44d0030189ca0,tiktok.com,tiktok,2026-10-03T03:27:17.275Z,a3-c15,/@[handle]/video/7190502249406221614
daaf24969b71eb38,users.nexusmods.com,nexusmods,2026-10-03T03:15:57.802Z,a3-s04,/
dafd29734fcc69db,researchgate.net,other,2026-10-03T03:20:51.655Z,a3-s23,/publication/359862327_Skyrim_Game_Mods_Endorsement_Prediction_with_Machine_Learning
dc5dab70ffc135c7,reddit.com,reddit,2026-10-03T03:23:58.260Z,a3-c01,/r/modhelp/comments/1pqq74r/can_i_be_a_mod_at_16
dcae1bce156fd731,nexusmods.com,nexusmods,2026-10-03T03:15:57.802Z,a3-s04,/bladestormnightmare/news/12539
dda9807ac4215a93,ign.com,other,2026-10-03T03:18:45.383Z,a3-s13,/articles/2005/06/22/parents-dont-give-a-toss-about-game-age-ratings
de951ff5d15fe934,facebook.com,other,2026-10-03T04:34:43.833Z,a3-d05,/groups/151670980149086/posts/787381043244740
df2b4a2165bd7cfa,feuniverse.us,other,2026-10-03T03:20:33.433Z,a3-s22,/t/fire-emblem-romhack-fangame-community-survey/18238
dfb2594233f8d40b,surveymonkey.com,other,2026-10-03T03:20:15.943Z,a3-s21,/
dfbd3cbdabe6ac63,icon-era.com,other,2026-10-03T03:21:57.476Z,a3-s26,/statistics/average-age-of-gamers
dfff1583e86f890f,arno.uvt.nl,other,2026-10-03T03:18:55.071Z,a3-s14;a3-s15,/show.cgi
e127a696b3d3aa0c,en.wikipedia.org,other,2026-10-03T03:18:25.402Z,a3-s11,/wiki/Roblox
e1a3ee8a308e87a5,surveypractice.org,other,2026-10-03T03:18:55.071Z,a3-s14,/article/26126-impact-of-demographic-survey-questions-on-response-rate-and-measurement-a-randomized-experiment
e2250dac9881bf02,magnific.com,other,2026-10-03T04:34:29.203Z,a3-d04,/free-photos-vectors/developer-background
e2a11562ec75af83,reddit.com,reddit,2026-10-03T03:24:18.952Z,a3-c03;a3-c04,/r/gamedev/comments/1d5trre/did_you_start_off_by_modding
e2fd0a31871c5bc2,romhackplaza.org,other,2026-10-03T03:20:33.433Z,a3-s22,/
e3ae68775a5b9b30,thegamer.com,other,2026-10-03T03:15:30.376Z,a3-s03,/armored-core-6-easy-mode-mod
e3fcfe92443212c3,portal.esrikr.com,other,2026-10-03T04:33:58.851Z,a3-d01,/portal/home/item.html
e403c8394d67c98d,youtube.com,youtube,2026-10-03T03:26:41.443Z,a3-c12,/watch
e4079131a8a68690,github.com,github,2026-10-03T03:28:59.708Z,a3-s24,/[handle]/CensusPlus
e5c149b6871565e5,x.com,x,2026-10-03T03:16:15.165Z,a3-s05,/[handle]
e6d14a6e256cf6d3,youtube.com,youtube,2026-10-03T03:19:41.584Z,a3-s18,/watch
e6fc625bc904ff7d,reddit.com,reddit,2026-10-03T03:24:35.218Z,a3-c04,/r/learnprogramming/comments/1jj6aex/how_hard_is_it_to_mod_video_games
e80701e0d6fb0e08,tiktok.com,tiktok,2026-10-03T03:27:48.388Z,a3-c17,/@[handle]/video/7647844066134068510
e8a6e77544d9004e,tiktok.com,tiktok,2026-10-03T03:27:17.275Z,a3-c15,/shop/product/best-psp-modding-guide
e8dbe69c780cc134,quora.com,other,2026-10-03T03:28:52.692Z,a3-s09,/How-long-can-an-active-modding-community-extend-the-life-of-a-game
e90b63de20f4d821,mods.reddithelp.com,other,2026-10-03T03:29:17.079Z,a3-s25,/
e9e0c20250705d29,reddit.com,reddit,2026-10-03T03:24:18.952Z,a3-c03,/r/feedthebeast/comments/173vm6y/is_there_a_way_to_make_mods_without_learning_how
ea30ead1179088b0,youtube.com,youtube,2026-10-03T03:26:55.859Z,a3-c13,/watch
ead4cabb15272446,indiabudget.gov.in,other,2026-10-03T03:20:15.943Z,a3-s21,/economicsurvey
ebf79e0e93747ef9,youtube.com,youtube,2026-10-03T03:27:12.924Z,a3-c14,/watch
ec1220e286914975,lshtm.ac.uk,other,2026-10-03T03:15:03.192Z,a3-s02,/media/83476
ec9c0a43888aa9a5,reddit.com,reddit,2026-10-03T04:34:43.833Z,a3-d05,/r/gamedev/comments/1d95t7d/how_different_is_modding_from_game_to_game
ecb41e2ce2cd469d,about.roblox.com,other,2026-10-03T03:18:39.129Z,a3-s12,/newsroom/2023/05/our-vision-for-all-ages
ecee592cb04bf925,reddit.com,reddit,2026-10-03T03:19:30.017Z,a3-s17,/r/godot/comments/1vqqwha/godot_community_poll_2026_results
ed24a5f3e8ad4b81,reddit.com,reddit,2026-10-03T03:22:24.852Z,a3-s28,/r/scratch/comments/3xu5r4/how_old_are_you_whats_the_average_age_of_reddits
edad6ca1fde82d73,reddit.com,reddit,2026-10-03T03:25:44.091Z,a3-c08,/r/StardewValleyExpanded/comments/1uwjozi/mod_idearequest
edb15153eec195a3,youtube.com,youtube,2026-10-03T03:27:12.924Z,a3-c14,/watch
edd44746e24dcb90,reddit.com,reddit,2026-10-03T03:18:25.402Z,a3-s11;a3-s12,/r/roblox/comments/1av0g5y/this_is_the_graph_of_roblox_players_by_age
ee295d17c82994f8,youtube.com,youtube,2026-10-03T03:23:09.047Z,a3-s30,/watch
ee916de87151b6cf,reddit.com,reddit,2026-10-03T03:25:27.977Z,a3-c07,/r/HarryPotterGame/comments/1o329ti/cannot_click_on_play_mods
ef3002e0b1e84c90,g2.com,other,2026-10-03T03:16:15.165Z,a3-s05,/products/mod-io/reviews
efee5ed1dc472acd,gamesbeat.com,other,2026-10-03T03:21:57.476Z,a3-s26,/average-age-of-gamers-hits-37-while-67-of-americans-play-esa-ceo-interview
f11e9befa1a41a5b,authors.curseforge.com,curseforge,2026-10-03T03:16:42.282Z,a3-s07,/welcome
f1490f448b66be9f,facebook.com,other,2026-10-03T03:20:33.433Z,a3-s22,/groups/558977328068750/posts/1493206987979108
f1504d3d5539c66f,selfdeterminationtheory.org,other,2026-10-03T03:19:05.895Z,a3-s15,/wp-content/uploads/2021/02/2021_HowardBureauGuayChongRyan_Student-Motivation_PrePrint.pdf
f252953e8e64fb66,reddit.com,reddit,2026-10-03T03:24:35.218Z,a3-c04,/r/gamedev/comments/1hfhn4l/can_modding_games_lead_to_income_and_career
f30f513aa7fd1d9b,youtube.com,youtube,2026-10-03T03:26:55.859Z,a3-c13,/watch
f3789c1bb277631b,gdindies.com,other,2026-10-03T03:19:30.017Z,a3-s17,/heres-what-30-game-developers-had-to-say-about-working-with-godot
f39a5d1f59cc57d3,reddit.com,reddit,2026-10-03T03:17:21.670Z,a3-s08,/r/Games/comments/2u0k94/valve_content_creators_earn_over_50m_through
f39f4db380aa9c64,reddit.com,reddit,2026-10-03T03:24:10.357Z,a3-c02,/r/ModSupport/comments/1v1upzr/fellow_mods_what_is_the_best_way_to_hold_a
f3c8149f15f7c38c,youtube.com,youtube,2026-10-03T03:26:41.443Z,a3-c12,/watch
f4218f243263f508,godotengine.org,other,2026-10-03T03:19:30.017Z,a3-s17,/article/godot-community-poll-2026
f4831483037a4fc7,nexusmods.com,nexusmods,2026-10-03T03:15:03.192Z,a3-s02,/roguepoint/news/12539
f487fec1542d9854,daily.dev,other,2026-10-03T04:34:13.355Z,a3-d03,/blog/beginners-guide-how-to-start-learning-coding-from-scratch
f5814cef1c69551f,mods.go.kr,other,2026-10-03T03:28:59.708Z,a3-s24,/menu.es
f5dd8d880b8f8ac2,reddit.com,reddit,2026-10-03T03:25:44.091Z,a3-c08,/r/feedthebeast/comments/1q1m7uj/is_there_a_place_to_request_mod_ideashelp_here
f5dec7ba306c101d,blog.overwolf.com,other,2026-10-03T04:34:43.833Z,a3-d05,/to-mod-or-not-to-mod-why-the-future-of-gaming-is-user-generated
f637de226ee0d334,mod.io,modio,2026-10-03T03:16:15.165Z,a3-s05,/blog/2025-year-in-review
f713cf066280ee1f,youtube.com,youtube,2026-10-03T03:19:30.017Z,a3-s17,/watch
f7578dd3be5346ca,mod.curseforge.com,curseforge,2026-10-03T03:28:52.692Z,a3-s09,/minecraft-modjam-tos
f8186c94546512a4,medium.datadriveninvestor.com,other,2026-10-03T03:18:05.987Z,a3-s10,/demographic-evolution-of-the-minecraft-player-base-2011-2026-4fdd140eec9c
f8c0add2bac4a091,cdr.lib.unc.edu,other,2026-10-03T03:28:52.692Z,a3-s09,/downloads/3x8173674
f959b95670dc1835,reddit.com,reddit,2026-10-03T03:25:09.391Z,a3-c06,/r/SourceEngine/comments/fpx1ux/is_it_possible_to_create_a_game_instead_of_doing
f981c83d66b80a95,youtube.com,youtube,2026-10-03T03:26:31.310Z,a3-c11,/watch
f9a181ab3cda27d1,fortnite.gg,other,2026-10-03T03:19:20.369Z,a3-s16,/creators
fa06c0d5488965ae,gamesindustry.biz,other,2026-10-03T03:21:57.476Z,a3-s26,/esa-67-of-americans-played-video-games-for-more-than-an-hour-in-2025
fa6d95823bf0ff27,curseforge.com,curseforge,2026-10-03T03:16:42.282Z,a3-s07,/minecraft/mc-mods/create-stats-power
fae00d6a78bc61fe,gamesradar.com,other,2026-10-03T04:34:43.833Z,a3-d05,/the-decline-of-modding
fb6994c8cb3cd062,studios.curseforge.com,curseforge,2026-10-03T03:16:42.282Z,a3-s07,/
fb7e30862b87be64,m.youtube.com,youtube,2026-10-03T03:26:41.443Z,a3-c12,/watch
fbf7448672a16366,reddit.com,reddit,2026-10-03T03:25:44.091Z,a3-c08,/r/feedthebeast/comments/1ec83u5/mods_ideas
fc3341487d0da97c,youtube.com,youtube,2026-10-03T03:15:57.802Z,a3-s04,/watch
fcf56e419e6f2234,reddit.com,reddit,2026-10-03T03:24:10.357Z,a3-c02,/r/sixfacedworld/comments/1wc7cf0/polls_need_to_be_conducted_with_account_on_this
fd223fa33fe7357c,searchlogistics.com,other,2026-10-03T03:18:05.987Z,a3-s10,/learn/statistics/minecraft-user-statistics
fe2eeb8bb2886f29,tiktok.com,tiktok,2026-10-03T03:27:34.939Z,a3-c16,/discover/making-my-own-video-game
fe622c0676dfb91a,reddit.com,reddit,2026-10-03T04:34:29.203Z,a3-d04,/r/SoftwareEngineering/comments/uclqgl/difference_between_a_software_engineer_vs
fecbe5f9e7a9f0fe,github.com,github,2026-10-03T03:19:54.139Z,a3-s19,/[handle]/GameMaker-Bugs/issues/12396
