sourceId,host,sourceType,publisherKind,population,method,n,fieldworkDate,biasRisk,h1Eligible,reason
6bbceb411a84ed90,www.nexusmods.com,a,platform-official,Nexus Mods site users (96% mod users),online opt-in site survey over 2.5 days,25000+,2015-08,high,yes,"Self-selected, 11 years old, one site. Age: up to 17 22%, 18-24 40%, 25-34 19%, 35+ 16%"
c121bb5cb8cb5b50,dl.acm.org,a,academic,adult mod creators (recruited online),mixed-methods online survey,483,2023,medium,yes,"Peer-reviewed (OzCHI 2023). Mean age 28.5 (SD 9.4); under-18s excluded by design, so skews older"
99d9bd252651e58c,www.similarweb.com,a,aggregator,nexusmods.com web visitors,modelled traffic panel estimate,unknown,2026-08,high,no,"Not a survey or official statistic; modelled estimate. Largest visitor age group 18-24; bucket shares not in fetched page"
60f4afe69ba95d36,dl.acm.org,a,academic,women mod creators,mixed-methods online survey,68,2020,medium,no,"Peer-reviewed (CHI 2020) but the fetched abstract page gives no age figure"
d853624cedbcb9b4,www.researchgate.net,a,academic,mods for one game series (download data),case study of mod popularity,unknown,unknown,medium,no,"About mods, not people; no audience age or skill data"
1374b574438f3050,rpubs.com,a,community,MiSTer FPGA (hardware emulation) users,online community survey,unknown,2021,high,no,"Report body did not render in the fetch; no figures recoverable"
dfff1583e86f890f,arno.uvt.nl,a,academic,modders (thesis),unknown,unknown,unknown,medium,no,"PDF returned as unreadable binary; not assessed"
1b1f173d112048e5,jyx.jyu.fi,a,academic,user-generated content makers (thesis),unknown,unknown,unknown,medium,no,"PDF returned as unreadable binary; not assessed"
f8c0add2bac4a091,cdr.lib.unc.edu,a,academic,adjacent: Minecraft players across ages,unknown,unknown,unknown,medium,no,"Adjacent population; PDF returned as unreadable binary"
8898314032da4c8b,www.theesa.com,a,survey-owner,adjacent: US video game players,national consumer survey,unknown,2026,low,no,"Adjacent population (all players): average player age 37. Context only"
67cf2513bd5a7011,scottishgames.net,e,press,adjacent: new GameMaker users,vendor figures reported by press,unknown,2024-07,high,no,"Adjacent population. Share of new users aged 13-17 rose about two-thirds after free access"
910e4fb685ff1bbb,scratch.mit.edu,c,platform-official,adjacent: new Scratch users,platform analytics,unknown,unknown,low,no,"Adjacent population; the age chart did not render in the fetched page"
f4218f243263f508,godotengine.org,a,platform-official,adjacent: Godot engine community,open online poll,unknown,2026,high,no,"Adjacent population; results only behind an external link, not fetched"
0f360510f04e3155,about.roblox.com,c,platform-official,adjacent: Roblox users,unknown,unknown,unknown,low,no,"Fetch blocked; not assessed"
ecb41e2ce2cd469d,about.roblox.com,c,platform-official,adjacent: Roblox users,unknown,unknown,unknown,low,no,"Fetch blocked; not assessed"
