recordId,queryId,a1Decision,a1ReasonCode,finalDecision,finalReasonCode,changedByLead
ab4be068d95bad1c,a3-s01,reject,no-survey,reject,no-survey,0
33381a37874d6796,a3-s01,reject,video-or-reddit,reject,video-or-reddit,0
6bbceb411a84ed90,a3-s01,pick,pick-population,pick,pick-population,0
cce64f93afee230b,a3-s01,reject,no-survey,reject,no-survey,0
60f4afe69ba95d36,a3-s01,pick,pick-population,pick,pick-population,0
7c03a0121fa6c065,a3-s01,reject,question-only,reject,question-only,0
b7e7cae3399a026c,a3-s01,reject,no-survey,reject,no-survey,0
1374b574438f3050,a3-s01,pick,pick-population,pick,pick-population,0
8e09b1b2fc32a914,a3-s01,reject,no-survey,reject,no-survey,0
4fe57ff33afc79c1,a3-s02,reject,video-or-reddit,reject,video-or-reddit,0
94e0dff77bda1820,a3-s02,reject,off-topic,reject,off-topic,0
f4831483037a4fc7,a3-s02,reject,no-survey,reject,same-sample,1
d853624cedbcb9b4,a3-s02,pick,pick-population,pick,pick-population,0
ec1220e286914975,a3-s02,reject,how-to,reject,how-to,0
c2196f25fd4f90ac,a3-s02,reject,how-to,reject,how-to,0
816375b06d556ded,a3-s02,reject,how-to,reject,how-to,0
4272306a04ab9de9,a3-s02,pick,pick-population,reject,same-sample,1
c121bb5cb8cb5b50,a3-s02,pick,pick-population,pick,pick-population,0
68f7eabea6130e38,a3-s03,reject,off-topic,reject,off-topic,0
95a5c03cfc280b93,a3-s03,reject,off-topic,reject,off-topic,0
22719d83b6da135e,a3-s03,reject,off-topic,reject,off-topic,0
842edcf8f5cb37ef,a3-s03,reject,off-topic,reject,off-topic,0
e3ae68775a5b9b30,a3-s03,reject,off-topic,reject,off-topic,0
cab6d9f400b8c126,a3-s04,reject,no-survey,reject,no-survey,0
daaf24969b71eb38,a3-s04,reject,off-topic,reject,off-topic,0
8f1afa88713b47b2,a3-s04,reject,video-or-reddit,reject,video-or-reddit,0
bdf20df2cb46d0df,a3-s04,reject,off-topic,reject,off-topic,0
0c065aede5227eb2,a3-s04,reject,off-topic,reject,off-topic,0
99d9bd252651e58c,a3-s04,pick,pick-adjacent,pick,pick-population,0
bcc332a7978b0306,a3-s04,reject,off-topic,reject,off-topic,0
dcae1bce156fd731,a3-s04,reject,no-survey,reject,same-sample,1
fc3341487d0da97c,a3-s04,reject,video-or-reddit,reject,video-or-reddit,0
f637de226ee0d334,a3-s05,reject,no-survey,reject,no-survey,0
cca144079c61d8f2,a3-s05,reject,question-only,reject,question-only,0
9b7d6a21ab6a8bf7,a3-s05,reject,no-survey,reject,no-survey,0
e5c149b6871565e5,a3-s05,reject,video-or-reddit,reject,video-or-reddit,0
8279038b43597790,a3-s05,reject,off-topic,reject,off-topic,0
8fb853df1c2c0a22,a3-s05,reject,question-only,reject,question-only,0
687a1c3b02663a40,a3-s05,reject,off-topic,reject,off-topic,0
bd57ce0be7445b30,a3-s05,reject,off-topic,reject,off-topic,0
ef3002e0b1e84c90,a3-s05,reject,off-topic,reject,off-topic,0
d2f4095111217fd1,a3-s06,reject,off-topic,reject,off-topic,0
236fa328da4ce5ea,a3-s06,reject,off-topic,reject,off-topic,0
1d1ed9cba223c914,a3-s06,reject,secondary-no-source,reject,secondary-no-source,0
23ec8f2781c3ec7b,a3-s06,reject,secondary-no-source,reject,secondary-no-source,0
6b2a80164348787c,a3-s06,reject,secondary-no-source,reject,secondary-no-source,0
2a03f3c4b68ce46a,a3-s06,missing,,reject,off-topic,1
be75b6689ee2bb7f,a3-s06,reject,off-topic,reject,off-topic,0
bd91655bd75671d6,a3-s07,reject,video-or-reddit,reject,video-or-reddit,0
f11e9befa1a41a5b,a3-s07,reject,off-topic,reject,off-topic,0
fa6d95823bf0ff27,a3-s07,reject,off-topic,reject,off-topic,0
2b666c50e399e559,a3-s07,reject,video-or-reddit,reject,video-or-reddit,0
ae85ecd0122f22a1,a3-s07,reject,off-topic,reject,off-topic,0
9b78c87b7a4e0e5a,a3-s07,reject,off-topic,reject,off-topic,0
fb6994c8cb3cd062,a3-s07,reject,off-topic,reject,off-topic,0
5afbfe2b4b273be7,a3-s07,reject,off-topic,reject,off-topic,0
2eec18efb550700d,a3-s07,reject,video-or-reddit,reject,video-or-reddit,0
271619ff26aaf858,a3-s08,reject,off-topic,reject,off-topic,0
4b95ba787bcc0f6f,a3-s08,reject,off-topic,reject,off-topic,0
f39a5d1f59cc57d3,a3-s08,reject,video-or-reddit,reject,video-or-reddit,0
cd8e45f0821d714e,a3-s08,reject,off-topic,reject,off-topic,0
5b3949457630f30c,a3-s08,reject,off-topic,reject,off-topic,0
1e7b5accbded6e85,a3-s08,reject,off-topic,reject,off-topic,0
300a7fb7a8d771ed,a3-s08,reject,off-topic,reject,off-topic,0
b9377c89dbdefd48,a3-s08,reject,question-only,reject,question-only,0
262c0e4c74218b2f,a3-s08,reject,off-topic,reject,off-topic,0
7953fa94c40159cd,a3-s09,reject,video-or-reddit,reject,video-or-reddit,0
e8dbe69c780cc134,a3-s09,reject,question-only,reject,question-only,0
252f202f249c4a04,a3-s09,pick,pick-adjacent,reject,same-sample,1
7aec26247e1c978b,a3-s09,reject,video-or-reddit,reject,video-or-reddit,0
f8c0add2bac4a091,a3-s09,pick,pick-adjacent,pick,pick-adjacent,0
2f812cb7cae6b1d5,a3-s09,reject,question-only,reject,question-only,0
25023b2a02186d40,a3-s09,reject,no-survey,reject,no-survey,0
f7578dd3be5346ca,a3-s09,reject,off-topic,reject,off-topic,0
b1d7ea85fdaf8e16,a3-s10,reject,video-or-reddit,reject,video-or-reddit,0
675c84e21930950f,a3-s10,reject,secondary-no-source,reject,secondary-no-source,0
8826a67eccd15918,a3-s10,reject,secondary-no-source,reject,secondary-no-source,0
fd223fa33fe7357c,a3-s10,reject,secondary-no-source,reject,secondary-no-source,0
3bdc525f1c21b905,a3-s10,reject,secondary-no-source,reject,secondary-no-source,0
2b2869e72b77e247,a3-s10,reject,secondary-no-source,reject,secondary-no-source,0
221cb3b227d19467,a3-s10,missing,,reject,video-or-reddit,1
f8186c94546512a4,a3-s10,reject,secondary-no-source,reject,secondary-no-source,0
906aa755c2ce3823,a3-s11,pick,pick-adjacent,reject,secondary-no-source,1
2372d5bbddda9786,a3-s11,pick,pick-adjacent,reject,no-survey,1
edd44746e24dcb90,a3-s11,reject,video-or-reddit,reject,video-or-reddit,0
d444b5434016da20,a3-s11,reject,secondary-no-source,reject,secondary-no-source,0
e127a696b3d3aa0c,a3-s11,reject,off-topic,reject,off-topic,0
08d6f15617669959,a3-s11,reject,secondary-no-source,reject,secondary-no-source,0
5abe62659efbda92,a3-s11,reject,off-topic,reject,off-topic,0
8999370ba5e6ac25,a3-s11,reject,off-topic,reject,off-topic,0
005af4f7b5ee0754,a3-s11,reject,off-topic,reject,off-topic,0
79d07b755af8079a,a3-s12,reject,secondary-no-source,reject,secondary-no-source,0
0f360510f04e3155,a3-s12,pick,pick-adjacent,pick,pick-adjacent,0
87faea8a2c4f53f4,a3-s12,reject,no-survey,reject,no-survey,0
03d2a115bfd757a0,a3-s12,reject,off-topic,reject,off-topic,0
ecb41e2ce2cd469d,a3-s12,reject,off-topic,pick,pick-adjacent,1
0d62b3556e211569,a3-s13,reject,video-or-reddit,reject,video-or-reddit,0
434e104c5697cac2,a3-s13,reject,question-only,reject,question-only,0
058f85010190ba8d,a3-s13,reject,no-survey,reject,no-survey,0
5b12150a6bafb207,a3-s13,reject,secondary-no-source,reject,secondary-no-source,0
b312a8ca5a1a53e6,a3-s13,reject,secondary-no-source,reject,secondary-no-source,0
b8d393d8011be190,a3-s13,reject,secondary-no-source,reject,secondary-no-source,0
50a6fd80209be915,a3-s13,reject,secondary-no-source,reject,secondary-no-source,0
d780294b4bd62230,a3-s13,reject,secondary-no-source,reject,secondary-no-source,0
dda9807ac4215a93,a3-s13,reject,off-topic,reject,off-topic,0
65f7de8c692b3aa6,a3-s14,reject,how-to,reject,how-to,0
4e1b177e25b75d49,a3-s14,reject,how-to,reject,how-to,0
e1a3ee8a308e87a5,a3-s14,reject,how-to,reject,how-to,0
bc9b48e9b006b6b8,a3-s14,reject,how-to,reject,how-to,0
593b9077949f4588,a3-s14,reject,how-to,reject,how-to,0
c0d624e8b323df16,a3-s14,reject,off-topic,reject,off-topic,0
39840a92de88e5de,a3-s14,reject,off-topic,reject,off-topic,0
dfff1583e86f890f,a3-s14,pick,pick-population,pick,pick-population,0
0abd0a986d24c349,a3-s14,reject,how-to,reject,how-to,0
570d2f53f05f39ba,a3-s15,reject,off-topic,reject,off-topic,0
2e685eb536394cda,a3-s15,reject,off-topic,reject,off-topic,0
315b5203ebe72d0a,a3-s15,reject,off-topic,reject,off-topic,0
62e46a8060787b1d,a3-s15,reject,off-topic,reject,off-topic,0
25926b5bd57ddc2e,a3-s15,reject,off-topic,reject,off-topic,0
f1504d3d5539c66f,a3-s15,reject,off-topic,reject,off-topic,0
68a7bcca5cbd2db6,a3-s15,reject,off-topic,reject,off-topic,0
68868abf02f2566a,a3-s15,reject,off-topic,reject,off-topic,0
4a85c69ed6eca0a7,a3-s16,reject,off-topic,reject,off-topic,0
f9a181ab3cda27d1,a3-s16,reject,off-topic,reject,off-topic,0
aff25c3400d1a5bf,a3-s16,reject,video-or-reddit,reject,video-or-reddit,0
b2821f8b9ccb8f7c,a3-s16,reject,video-or-reddit,reject,video-or-reddit,0
3f8c9b48724b9a39,a3-s16,reject,video-or-reddit,reject,video-or-reddit,0
b2d8f7b0dcada620,a3-s16,reject,off-topic,reject,off-topic,0
333182d2b1fb168a,a3-s16,reject,off-topic,reject,off-topic,0
2ef1f52898fb7730,a3-s16,reject,off-topic,reject,off-topic,0
f4218f243263f508,a3-s17,pick,pick-adjacent,pick,pick-adjacent,0
2ea0f2354017ef44,a3-s17,pick,pick-adjacent,reject,same-sample,1
ecee592cb04bf925,a3-s17,reject,video-or-reddit,reject,video-or-reddit,0
1bfcd85dba688644,a3-s17,reject,off-topic,reject,off-topic,0
d8ecf70c34e44e94,a3-s17,reject,off-topic,reject,off-topic,0
f3789c1bb277631b,a3-s17,reject,no-survey,reject,no-survey,0
f713cf066280ee1f,a3-s17,reject,video-or-reddit,reject,video-or-reddit,0
b840cd0d8e96edb3,a3-s17,reject,off-topic,reject,off-topic,0
8d2729fc1b183ecc,a3-s17,reject,off-topic,reject,off-topic,0
a4871206bb0c5a78,a3-s18,reject,question-only,reject,question-only,0
2d9d20e1f69a7a44,a3-s18,reject,video-or-reddit,reject,video-or-reddit,0
4018b8af9dd7a907,a3-s18,reject,question-only,reject,question-only,0
28504e5530bd470b,a3-s18,reject,off-topic,reject,off-topic,0
72ed5461093d65f5,a3-s18,reject,off-topic,reject,off-topic,0
0b6d89996c5b8596,a3-s18,reject,off-topic,reject,off-topic,0
03d98a83a2dc08dd,a3-s18,reject,question-only,reject,question-only,0
8974a2e1f5328a96,a3-s18,reject,secondary-no-source,reject,secondary-no-source,0
e6d14a6e256cf6d3,a3-s18,reject,video-or-reddit,reject,video-or-reddit,0
53f23a6f60c1b2b5,a3-s19,reject,video-or-reddit,reject,video-or-reddit,0
67cf2513bd5a7011,a3-s19,pick,pick-adjacent,pick,pick-adjacent,0
7e76152431b4b003,a3-s19,reject,secondary-no-source,reject,same-sample,1
1704c61b07ec4b72,a3-s19,reject,off-topic,reject,off-topic,0
3d7279fad1e54310,a3-s19,reject,off-topic,reject,off-topic,0
fecbe5f9e7a9f0fe,a3-s19,reject,off-topic,reject,off-topic,0
1d9ef84d318b1c84,a3-s19,reject,off-topic,reject,off-topic,0
2e73c39b49861fcb,a3-s19,reject,off-topic,reject,off-topic,0
6d8ff5758fe78483,a3-s19,reject,secondary-no-source,reject,secondary-no-source,0
0232692eee476547,a3-s20,reject,video-or-reddit,reject,video-or-reddit,0
5be96c9418299a52,a3-s20,reject,secondary-no-source,reject,secondary-no-source,0
b14309e93dd05b49,a3-s20,reject,off-topic,reject,over-cap,1
38ffc43a68f073af,a3-s20,reject,secondary-no-source,reject,over-cap,1
49c2126d0ab89433,a3-s20,reject,off-topic,reject,off-topic,0
634fda1045e76fac,a3-s20,reject,question-only,reject,question-only,0
1b8a79f37c78b9a3,a3-s20,reject,question-only,reject,question-only,0
a09bf932aa6fb938,a3-s21,reject,off-topic,reject,off-topic,0
dfb2594233f8d40b,a3-s21,reject,off-topic,reject,off-topic,0
4cc9e28a14b0a9fa,a3-s21,reject,off-topic,reject,off-topic,0
5285186515711951,a3-s21,reject,off-topic,reject,off-topic,0
2c0236484d72c41d,a3-s21,reject,off-topic,reject,off-topic,0
4ab0921a38d2692a,a3-s21,reject,off-topic,reject,off-topic,0
ceec666533a0d7d5,a3-s21,reject,off-topic,reject,off-topic,0
aeaf6d6a4adbbab1,a3-s21,reject,off-topic,reject,off-topic,0
ead4cabb15272446,a3-s21,reject,off-topic,reject,off-topic,0
df2b4a2165bd7cfa,a3-s22,reject,question-only,reject,question-only,0
4e40dc2eb0f059ce,a3-s22,reject,video-or-reddit,reject,video-or-reddit,0
77e85f006cf11626,a3-s22,reject,video-or-reddit,reject,video-or-reddit,0
d685572c5cda6421,a3-s22,reject,off-topic,reject,off-topic,0
01259254d17e81a9,a3-s22,reject,question-only,reject,question-only,0
f1490f448b66be9f,a3-s22,reject,video-or-reddit,reject,video-or-reddit,0
060504f90fa86b5a,a3-s22,reject,off-topic,reject,off-topic,0
c5328479e45d24b3,a3-s22,reject,off-topic,reject,off-topic,0
e2fd0a31871c5bc2,a3-s22,reject,off-topic,reject,off-topic,0
89d0e4cd02bac540,a3-s23,reject,video-or-reddit,reject,video-or-reddit,0
adf39fa04a6001d4,a3-s23,reject,no-survey,reject,same-sample,1
1b1f173d112048e5,a3-s23,pick,pick-population,pick,pick-population,0
c62d59bff936e444,a3-s23,reject,question-only,reject,question-only,0
dafd29734fcc69db,a3-s23,reject,secondary-no-source,reject,secondary-no-source,0
6201d55af6b08c1a,a3-s23,reject,no-survey,reject,no-survey,0
f5814cef1c69551f,a3-s24,reject,off-topic,reject,off-topic,0
c3e7d73110bae02a,a3-s24,reject,video-or-reddit,reject,video-or-reddit,0
d926e0af55899190,a3-s24,reject,off-topic,reject,off-topic,0
0d879bc00f8f0665,a3-s24,reject,off-topic,reject,off-topic,0
e4079131a8a68690,a3-s24,reject,off-topic,reject,off-topic,0
3ebc6132e1add36d,a3-s24,reject,off-topic,reject,off-topic,0
bff1e26a4574f477,a3-s24,reject,off-topic,reject,off-topic,0
199f79d5a54bf1cf,a3-s24,reject,off-topic,reject,off-topic,0
690bffd82483865e,a3-s24,reject,off-topic,reject,off-topic,0
e90b63de20f4d821,a3-s25,reject,off-topic,reject,off-topic,0
b893171e2dee0ff4,a3-s25,reject,off-topic,reject,off-topic,0
631c510644dc4c65,a3-s25,reject,video-or-reddit,reject,video-or-reddit,0
84e98c0e47712455,a3-s25,reject,off-topic,reject,off-topic,0
a198d1d8a609470c,a3-s25,reject,off-topic,reject,off-topic,0
9858e468a645b540,a3-s25,reject,off-topic,reject,off-topic,0
705fc479724552da,a3-s25,reject,video-or-reddit,reject,video-or-reddit,0
87044cf08b6eafec,a3-s25,reject,off-topic,reject,off-topic,0
8898314032da4c8b,a3-s26,pick,pick-adjacent,pick,pick-adjacent,0
efee5ed1dc472acd,a3-s26,reject,secondary-no-source,reject,secondary-no-source,0
2eec627277d1decc,a3-s26,reject,off-topic,reject,off-topic,0
26419daedb452af3,a3-s26,reject,secondary-no-source,reject,secondary-no-source,0
dfbd3cbdabe6ac63,a3-s26,reject,secondary-no-source,reject,secondary-no-source,0
fa06c0d5488965ae,a3-s26,reject,secondary-no-source,reject,secondary-no-source,0
cc8a1c79d79f4e20,a3-s26,reject,video-or-reddit,reject,video-or-reddit,0
992608234d682a8b,a3-s26,reject,off-topic,reject,off-topic,0
0fccd763dc7e8428,a3-s27,reject,off-topic,reject,off-topic,0
4bb9c9c9089c7241,a3-s27,reject,how-to,reject,how-to,0
1e2ca2d4816c7e41,a3-s27,reject,question-only,reject,question-only,0
a5e5e1bf41a81c95,a3-s27,reject,question-only,reject,question-only,0
8af556b107fc1d0b,a3-s27,reject,off-topic,reject,off-topic,0
1af4c7932746cb23,a3-s27,reject,off-topic,reject,off-topic,0
9f3efd9835b19770,a3-s27,reject,off-topic,reject,off-topic,0
b001b28141394118,a3-s27,reject,off-topic,reject,off-topic,0
910e4fb685ff1bbb,a3-s28,pick,pick-adjacent,pick,pick-adjacent,0
ed24a5f3e8ad4b81,a3-s28,reject,video-or-reddit,reject,video-or-reddit,0
2a22a16346667c3c,a3-s28,reject,secondary-no-source,reject,secondary-no-source,0
94c930d91ec47385,a3-s28,reject,off-topic,reject,off-topic,0
c7748a2dcba33ac2,a3-s28,reject,off-topic,reject,off-topic,0
58b9f45dc1e7d3de,a3-s28,reject,secondary-no-source,reject,secondary-no-source,0
aad41b2dc55db247,a3-s28,reject,off-topic,reject,off-topic,0
31a69698d13b42f9,a3-s28,reject,question-only,reject,question-only,0
239c88673796d719,a3-s28,reject,video-or-reddit,reject,video-or-reddit,0
5c4c7de3106a8633,a3-s29,reject,video-or-reddit,reject,video-or-reddit,0
1749547b11266334,a3-s29,reject,video-or-reddit,reject,video-or-reddit,0
3e48afa0d46d4756,a3-s29,reject,question-only,reject,question-only,0
5c4b00a50426aa50,a3-s29,reject,off-topic,reject,off-topic,0
456aee84b2013408,a3-s29,reject,off-topic,reject,off-topic,0
89d32b6a34e6930b,a3-s29,reject,question-only,reject,question-only,0
3cb45e86d1e835d0,a3-s29,reject,question-only,reject,question-only,0
ad8471f11bd40a32,a3-s29,reject,off-topic,reject,off-topic,0
433cb4b9b77dc33d,a3-s29,reject,video-or-reddit,reject,video-or-reddit,0
a3dcdb81425a5b38,a3-s30,reject,off-topic,reject,off-topic,0
7ea9f494b382f19b,a3-s30,reject,video-or-reddit,reject,video-or-reddit,0
ee295d17c82994f8,a3-s30,reject,video-or-reddit,reject,video-or-reddit,0
58e9ccc4b0fc1f38,a3-s30,reject,question-only,reject,question-only,0
a895fc27e8cd13b3,a3-s30,reject,off-topic,reject,off-topic,0
518534de14c32133,a3-s30,reject,question-only,reject,question-only,0
4c62a26c5d0a8a9e,a3-s30,reject,off-topic,reject,off-topic,0
6c995731a43d730a,a3-s30,reject,off-topic,reject,off-topic,0
373b97f311b3775c,a3-s30,reject,off-topic,reject,off-topic,0
