recordId,platform,method,usable,competitor,theme,valence,switchFrom,switchTo,switchReason,segment,H3,H10,H11,commenters,complaining,praising,quote,note
06f6203b8b2af239,forum,scrape,yes,other:farming-simulator-modhub,install,complaint,,,,player,supports,supports,supports,11,11,0,I can't download any mods over 1 megabyte,GIANTS forum; in-game mod hub download failures unresolved over a year
aba2c934645005eb,forum,scrape,yes,none,beginner-help,neutral,,,,both,neutral,contradicts,supports,5,0,0,intended for players who are interested in modding their game,Beamdog forum; Infinity Engine mod guide; installer tools discussed
28d077a6a1e222e1,forum,scrape,yes,none,off-topic,off-topic,,,,off-topic,off-topic,off-topic,off-topic,0,0,0,,LTT forum; PC cooling fans; not game mods
522a2d44ba778ec4,forum,scrape,no,none,off-topic,off-topic,,,,off-topic,off-topic,off-topic,off-topic,0,0,0,,Funcom forum; empty page
b56d1f00eec6a805,forum,scrape,yes,none,off-topic,off-topic,,,,off-topic,off-topic,off-topic,off-topic,0,0,0,,Indie Stone forum; built-in mod system guide; no hub discussed
3e2efd8c97dfbca0,forum,scrape,no,none,off-topic,off-topic,,,,off-topic,off-topic,off-topic,off-topic,0,0,0,,Steam community page header only; no posts
a0bfb4774ad1b0a4,forum,scrape,no,none,off-topic,off-topic,,,,off-topic,off-topic,off-topic,off-topic,0,0,0,,Nexus forums error page (topic not found)
007ca5c12a4b182e,reddit,reddit_posts,yes,curseforge,install,complaint,,,,player,supports,supports,supports,5,1,0,without having to switch the mods folder,Wants modpack switching without the CurseForge app; launchers recommended
00d75e6953e04431,reddit,reddit_posts,yes,steamworkshop,install,complaint,,,,player,supports,supports,supports,15,12,0,mods won't download no matter which game I open,Workshop downloads fail on a cloud-gaming service
01f8f2dc5e421baf,reddit,reddit_posts,yes,thunderstore,install,complaint,,,,player,supports,supports,supports,3,1,0,will download at least 70 different random mods,Manager pulled many unwanted mods; r2modman recommended
023df34970c58d5d,reddit,reddit_posts,yes,gamebanana,install,complaint,,,,player,supports,supports,supports,5,2,0,links provided by the site result in a time out error,Download links time out; workarounds offered
040a5b2db03aa3db,reddit,reddit_posts,yes,modio,discovery,complaint,,,,creator,off-topic,contradicts,supports,12,2,0,Choose your stats has 428k downloads on Nexus but only 42k on mod.io,Creator sees far lower reach on mod.io than Nexus
040a5b2db03aa3db,reddit,reddit_posts,yes,nexusmods,discovery,praise,,,,creator,off-topic,contradicts,supports,12,0,2,Choose your stats has 428k downloads on Nexus but only 42k on mod.io,Nexus gives the same mod far more downloads
0544e6de3d3c7bc5,reddit,reddit_posts,yes,steamworkshop,install,praise,,,,player,contradicts,contradicts,contradicts,4,0,4,I think I love steam workshop,Players praise Workshop ease of use and discovery
054cab9f11c2eeb8,reddit,reddit_posts,yes,curseforge,beginner-help,neutral,,,,player,neutral,neutral,neutral,24,0,0,Which of these modpacks should i play first as a beginner,Beginner asks which modpack to start; community suggests starters
069d4c8f937f2f25,reddit,reddit_posts,yes,modio,other,complaint,,,,player,supports,contradicts,supports,2,1,0,Recent performance issues have been caused by mod.io,Player blames mod.io for in-game performance issues
06d99edeb2d59ac6,reddit,reddit_posts,yes,thunderstore,install,complaint,,,,player,supports,supports,supports,4,2,0,"When he clicks moded, or vanilla, it doesn't open",Game will not launch through the manager
08155633df35c423,reddit,reddit_posts,yes,itchio,policy-moderation,complaint,,,,creator,off-topic,contradicts,supports,8,7,0,itch.io hasn't replied to any of my emails in over a week,Creator page auto-flagged; no support reply
08213b5bc59f510d,reddit,reddit_posts,yes,nexusmods,discovery,praise,,,,player,contradicts,contradicts,contradicts,3,0,1,"It's available on Nexus Mods, which is free",Player points others to a free mod on Nexus
08781e6adf6fc784,reddit,reddit_posts,yes,itchio,discovery,praise,,,,player,contradicts,contradicts,contradicts,5,0,2,"thank you mate, I wished to face this game at least once more",Player finds a lost visual novel on itch.io
08acba205de0b775,reddit,reddit_posts,yes,modio,install,complaint,modio,steamworkshop,account sign-up friction; Workshop built into Steam,player,supports,supports,supports,13,10,0,Why would a pc player go out of their way to sign up,Players avoid mod.io account step; prefer Steam Workshop
08acba205de0b775,reddit,reddit_posts,yes,steamworkshop,install,praise,modio,steamworkshop,account sign-up friction; Workshop built into Steam,player,supports,supports,supports,13,0,3,Steam workshop is better in every way,Workshop preferred for seamless integration and reach
093c84aa7aa0cb2d,reddit,reddit_posts,yes,moddb,beginner-help,neutral,,,,player,supports,supports,supports,5,0,0,How can I run the mods that is found on moddb,Beginner asks how to run ModDB mods; manual steps explained
0dd475de553a3c69,reddit,reddit_posts,yes,modio,install,complaint,,,,player,supports,supports,supports,5,3,0,do I really have to manually download and install each and every mini separately,No bundling; each item installed separately
13b54abf201b01b4,reddit,reddit_posts,yes,nexusmods,beginner-help,praise,,,,player,contradicts,neutral,contradicts,2,0,2,I recently figured out how to work Nexus Mods after an embarrassingly long time,New player finds Nexus great after a long learning curve
14d2e0675fc415ed,reddit,reddit_posts,yes,thunderstore,beginner-help,neutral,,,,player,neutral,neutral,off-topic,5,0,4,Using r2modman/thunderstore because I already use it for another game,Player reuses the manager from another game; asks for QoL mods
189e341804d45406,reddit,reddit_posts,yes,moddb,install,complaint,,,,player,supports,supports,supports,3,2,0,ModDB error: bad request vintage,Server mod install fails; manual workaround suggested
1e2818431e37f9ef,reddit,reddit_posts,yes,thunderstore,beginner-help,praise,,,,player,contradicts,contradicts,contradicts,7,0,6,yeah its a hell of a lot easier than manually installing since it also installs,Manager praised as far easier than manual installs
1e4deae63fc565e9,reddit,reddit_posts,yes,itchio,install,complaint,,,,creator,off-topic,supports,neutral,2,1,0,getting this error when trying to upload one of my games on Itch,Upload error caused by an engine plugin; resolved
22523e1174c21c05,reddit,reddit_posts,no,none,off-topic,off-topic,,,,off-topic,off-topic,off-topic,off-topic,0,0,0,,Crawler error; no content
465cb268aa64c56a,reddit,reddit_posts,yes,itchio,beginner-help,praise,,,,player,contradicts,contradicts,contradicts,2,0,1,It should be easy: Go to the Itch.io website Click on Download App,Clear app install steps given; later users thank
4a83ee16c8dc2476,reddit,reddit_posts,yes,steamworkshop,discovery,complaint,,,,both,supports,contradicts,supports,15,8,0,There have been so many great mods ive downloaded that i'd never have even thought,Workshop browsing change hides trending mods
52b4308fd99f14ac,reddit,reddit_posts,no,none,off-topic,off-topic,,,,off-topic,off-topic,off-topic,off-topic,0,0,0,,Crawler error; no content
58aaf347406d7f57,reddit,reddit_posts,no,none,off-topic,off-topic,,,,off-topic,off-topic,off-topic,off-topic,0,0,0,,Content filter page; no content
880118c33085e3f7,reddit,reddit_posts,yes,nexusmods,install,mixed,,,,player,supports,supports,neutral,5,1,3,I followed a youtube tutorial on how to install mods using Vortex for a beginner,Beginner's Vortex setup fails; commenters fix it
0c609d192900da52,reddit,reddit_posts,yes,modio,install,complaint,,,,player,supports,supports,neutral,2,1,0,"every time I run the game, the folder with the mod magically re appears",Cannot remove a mod; folder keeps coming back
13ca87875add206b,reddit,reddit_posts,yes,modio,beginner-help,neutral,,,,player,supports,supports,neutral,4,0,0,there is only a subscribe option on mod.io website,Beginner unsure how to get mods with only a subscribe button
1558e14c3c50f01f,reddit,reddit_posts,yes,gamebanana,other,complaint,,,,player,supports,contradicts,neutral,12,12,0,"Every time I try to go on my favourite modding fruit, it doesn't load",Site outage reports (5xx errors); a reliability not friction complaint
164e20117534a74c,reddit,reddit_posts,yes,modio,policy-moderation,mixed,,,,both,neutral,neutral,supports,7,2,3,all the best blue prints and mods are only on steam,Debate over forced mod.io terms; content still mostly on Steam
175da1e8d47cfbe7,reddit,reddit_posts,yes,curseforge,install,complaint,,,,both,supports,supports,supports,5,2,0,"when he searches the curseforge app he has for windows, it doesn't come up",Parent cannot find a mod in the app for a child
1bc20fda5a29bc74,reddit,reddit_posts,yes,moddb,install,complaint,,,,player,supports,contradicts,neutral,4,1,0,the download speed is extremely slow. It's anywhere between 30-70kb/s,Slow downloads and corrupt files; a reliability complaint
209e20c67d45c843,reddit,reddit_posts,yes,gamebanana,policy-moderation,praise,,,,both,neutral,neutral,off-topic,18,2,6,we have immediately gotten started on some major changes to the site,Site staff apologise for a moderation incident; most replies welcome fixes
226b4ee0bb58cfde,reddit,reddit_posts,yes,moddb,beginner-help,neutral,,,,player,supports,supports,neutral,4,1,0,"every tutorial says I have to install this, download that, run this program, etc. etc.",Beginner overwhelmed by install steps; gets a step-by-step answer
2a6ff17a69d51319,reddit,reddit_posts,yes,moddb,discovery,praise,,,,both,neutral,neutral,neutral,16,0,9,this is one of the best HL1 mods to come out in quite a while,Mod release thread; players praise quality
2ffc00cd3c454e49,reddit,reddit_posts,yes,curseforge,install,neutral,,,,player,neutral,contradicts,neutral,5,0,0,pretty seamless and it behaved as one would expect,Moving modpacks between devices; sync described as seamless
49d1403da6f87c11,reddit,reddit_posts,yes,modio,other,complaint,,,,both,supports,contradicts,supports,5,1,0,Unfortunately modders are limited due to console mod restrictions.,Fewer mods on console because of platform rules
4bd7911b905dbbcf,reddit,reddit_posts,yes,nexusmods,install,neutral,,,,player,neutral,neutral,neutral,9,0,0,I miss the plethora of mods on Nexus and I wonder,Player asks if Nexus mods still work beside the in-game manager
4bd7911b905dbbcf,reddit,reddit_posts,yes,modio,install,neutral,,,,player,neutral,neutral,neutral,9,0,0,Feel free to download the same in-game mods from mod.io,mod.io and Nexus mods can be used together
4db65de3c33d66d5,reddit,reddit_posts,yes,moddb,discovery,praise,steamworkshop,moddb,licensed-property mods not allowed on Workshop,player,neutral,neutral,supports,4,0,1,I started using moddb a while back and i like it so far,Player moved to ModDB for mods the Workshop does not allow
4db65de3c33d66d5,reddit,reddit_posts,yes,steamworkshop,policy-moderation,complaint,steamworkshop,moddb,licensed-property mods not allowed on Workshop,player,neutral,neutral,supports,4,1,0,mods that deal with licensed properties like Game of Thrones etc are not allowed,Workshop content rules exclude some mods
559d2217956205db,reddit,reddit_posts,yes,curseforge,install,complaint,,,,player,supports,supports,neutral,2,1,0,My CurseForge suddenly stopped opening about half an hour ago,App will not open
86b8bfca69834461,reddit,reddit_posts,yes,none,off-topic,off-topic,,,,off-topic,off-topic,off-topic,off-topic,0,0,0,,Unrelated topic (not games)
95527676e6ff6e62,reddit,reddit_posts,yes,nexusmods,other,complaint,,,,player,supports,contradicts,neutral,18,15,0,"I have 80 tabs named ""something went wrong""",Site outage during downloads; a reliability complaint
4a88116f6d6e7b2b,reddit,reddit_posts,yes,nexusmods,beginner-help,praise,,,,both,off-topic,contradicts,neutral,17,0,4,fantastic clear step by step instructions explaining what things do and why,Community install guide praised for clarity
051a289acc68bfe9,youtube,youtube_comments,yes,none,off-topic,off-topic,,,,unclear,off-topic,off-topic,off-topic,12,0,0,,Non-English thanks to the video maker; no hub discussed
06e1210b0abd5844,youtube,youtube_comments,yes,none,off-topic,off-topic,,,,unclear,off-topic,off-topic,off-topic,2,0,0,,Non-English comments; no hub discussed
08c2ce78af889e7f,youtube,youtube_comments,yes,moddb,install,complaint,,,,player,supports,supports,neutral,12,2,1,It's not showing the download button on files or anywhere,Commenters cannot find the download button
0e90210a673fbf0b,youtube,youtube_comments,yes,nexusmods,other,neutral,,,,player,neutral,neutral,neutral,2,0,0,will i still be able to do all of it with just limited mods,Viewer asks what works without premium
114d5a1f635c5624,youtube,youtube_comments,yes,none,off-topic,off-topic,,,,unclear,off-topic,off-topic,off-topic,11,0,0,,Questions about one mod's content; no hub discussed
3456b733692bdd6b,youtube,youtube_comments,yes,nexusmods,install,complaint,,,,player,supports,supports,neutral,3,1,0,the game im trying to mod shows up on the website but not the vortex,Game listed on the site but missing in the manager
1b94b7067024c954,reddit,reddit_posts,yes,nexusmods,discovery,praise,,,,both,neutral,contradicts,neutral,21,0,1,their one click mods feature is already pretty cool and amazing,One-click feature praised in a store-hosting debate
1b94b7067024c954,reddit,reddit_posts,yes,moddb,discovery,neutral,,,,both,neutral,contradicts,neutral,21,0,0,Just use both GoG and ModDB,ModDB named as an existing place for the same mods
1b94b7067024c954,reddit,reddit_posts,yes,steamworkshop,other,neutral,,,,both,neutral,contradicts,neutral,21,0,0,Were you thinking something like the Steam Workshop?,Workshop used as a comparison
1b94b7067024c954,reddit,reddit_posts,yes,other:gog,policy-moderation,mixed,,,,both,neutral,contradicts,neutral,21,6,6,I would like to see them expand on mod support,Store's curated mod approach praised; full hosting opposed
1f5349e06d5f13ca,reddit,reddit_posts,yes,gamebanana,discovery,neutral,,,,player,neutral,contradicts,neutral,19,0,0,have to use mods for now,Players use GameBanana mods to fill missing game content
271828b7d05adf45,reddit,reddit_posts,yes,moddb,discovery,praise,,,,both,neutral,contradicts,neutral,20,0,0,"This mod looks amazing, I really hope we get Lambeos soon",Mod release on ModDB; players enthusiastic
d5aa0a2db8275a74,forum,scrape,yes,nexusmods,install,praise,,,,both,neutral,contradicts,contradicts,4,0,3,the interface of this mod manager is also easy to use,PC Gamer forum; Vortex (Nexus manager) called easy; MO2 for advanced users
122b5af3e3cc260a,reddit,reddit_posts,yes,nexusmods,policy-moderation,complaint,,,,player,supports,contradicts,supports,17,7,1,"Nexus Mods went from the free, wild West kind of place to just corporate interests",Users criticise policy and corporate direction
156456909656a631,reddit,reddit_posts,yes,nexusmods,install,mixed,,,,player,contradicts,supports,contradicts,8,1,1,i find vortex to be pretty much on par with,Beginner asks manual-install help; manager recommended
