dimension,value,planned,run,ok,withOnsite,onsiteResults,offsiteDropped,uniqueRecords
all,all,476,480,386,344,2932,441,2701
wave,A,220,220,200,171,1438,301,1399
wave,B,220,220,150,137,1185,140,1173
wave,D,36,36,32,32,274,0,273
wave,addition,0,4,4,4,35,0,35
kind,addition,0,4,4,4,35,0,35
kind,disconfirmation,36,36,32,32,274,0,273
kind,matrix,440,440,350,308,2623,441,2401
platform,curseforge,22,22,19,18,146,9,121
platform,discord,22,22,18,17,133,10,118
platform,fandom,22,22,21,16,150,44,139
platform,gamebanana,22,22,22,22,194,0,177
platform,gbatemp,22,22,19,16,147,26,138
platform,github,22,22,18,18,163,1,128
platform,hackernews,22,22,18,17,145,9,122
platform,itchio,22,22,17,12,101,53,91
platform,moddb,22,22,17,16,139,10,134
platform,modio,22,22,15,12,75,29,71
platform,nexusmods,22,22,17,13,113,41,109
platform,reddit,22,22,21,21,180,25,171
platform,resetera,22,22,18,17,144,8,127
platform,rustforum,22,22,14,9,69,47,65
platform,steam,22,22,17,16,160,10,151
platform,thunderstore,22,22,13,12,85,9,84
platform,tiktok,22,22,19,15,138,42,135
platform,twitch,22,22,14,14,98,4,86
platform,x,22,22,15,11,92,39,91
platform,youtube,22,22,18,16,151,25,143
theme,community,40,40,33,31,255,27,233
theme,decomp,40,40,28,21,176,70,165
theme,fan-game,40,40,32,27,252,48,240
theme,ip-revival,40,40,28,27,204,10,194
theme,learning,40,40,35,32,256,29,239
theme,legal,40,40,29,22,183,66,174
theme,mod-creation,40,40,36,34,323,21,308
theme,mod-install,40,40,33,31,261,40,248
theme,mod-tools,40,40,32,27,258,46,243
theme,pc-port,40,40,35,30,267,56,255
theme,rust-rebuild,40,40,29,26,188,28,168
intent,alternative,88,88,69,66,516,37,512
intent,howto,88,88,72,60,560,122,558
intent,problem,88,88,72,62,507,105,506
intent,recommendation,88,88,71,63,552,85,544
intent,request,88,88,66,57,488,92,488
hypothesis,H1,3,3,3,3,27,0,27
hypothesis,H10,3,3,2,2,17,0,17
hypothesis,H11,3,3,3,3,24,0,24
hypothesis,H12,3,3,2,2,18,0,18
hypothesis,H2,3,3,3,3,26,0,26
hypothesis,H3,3,3,3,3,26,0,26
hypothesis,H4,3,3,3,3,24,0,24
hypothesis,H5,3,3,3,3,26,0,26
hypothesis,H6,3,3,3,3,23,0,23
hypothesis,H7,3,3,2,2,18,0,18
hypothesis,H8,3,3,2,2,18,0,18
hypothesis,H9,3,3,3,3,27,0,27
