dimension,value,group,hits,results,offsiteDropped
all,all,beginner,56,2932,441
all,all,learning-curve,17,2932,441
all,all,play-only,519,2932,441
all,all,ideas-requests,91,2932,441
all,all,own-game,19,2932,441
all,all,revival,189,2932,441
all,all,port,273,2932,441
all,all,decomp,180,2932,441
all,all,rust,191,2932,441
all,all,ease-satisfaction,159,2932,441
all,all,legal,210,2932,441
all,all,discord,368,2932,441
all,all,age,10,2932,441
all,all,competitor-mention,250,2932,441
platform,curseforge,beginner,1,146,9
platform,curseforge,learning-curve,0,146,9
platform,curseforge,play-only,67,146,9
platform,curseforge,ideas-requests,2,146,9
platform,curseforge,own-game,0,146,9
platform,curseforge,revival,1,146,9
platform,curseforge,port,22,146,9
platform,curseforge,decomp,2,146,9
platform,curseforge,rust,4,146,9
platform,curseforge,ease-satisfaction,12,146,9
platform,curseforge,legal,10,146,9
platform,curseforge,discord,12,146,9
platform,curseforge,age,0,146,9
platform,curseforge,competitor-mention,45,146,9
platform,discord,beginner,0,133,10
platform,discord,learning-curve,1,133,10
platform,discord,play-only,33,133,10
platform,discord,ideas-requests,0,133,10
platform,discord,own-game,0,133,10
platform,discord,revival,21,133,10
platform,discord,port,9,133,10
platform,discord,decomp,0,133,10
platform,discord,rust,0,133,10
platform,discord,ease-satisfaction,2,133,10
platform,discord,legal,0,133,10
platform,discord,discord,129,133,10
platform,discord,age,1,133,10
platform,discord,competitor-mention,1,133,10
platform,fandom,beginner,2,150,44
platform,fandom,learning-curve,1,150,44
platform,fandom,play-only,28,150,44
platform,fandom,ideas-requests,4,150,44
platform,fandom,own-game,0,150,44
platform,fandom,revival,5,150,44
platform,fandom,port,13,150,44
platform,fandom,decomp,20,150,44
platform,fandom,rust,9,150,44
platform,fandom,ease-satisfaction,9,150,44
platform,fandom,legal,4,150,44
platform,fandom,discord,20,150,44
platform,fandom,age,0,150,44
platform,fandom,competitor-mention,8,150,44
platform,gamebanana,beginner,6,194,0
platform,gamebanana,learning-curve,2,194,0
platform,gamebanana,play-only,41,194,0
platform,gamebanana,ideas-requests,3,194,0
platform,gamebanana,own-game,0,194,0
platform,gamebanana,revival,14,194,0
platform,gamebanana,port,21,194,0
platform,gamebanana,decomp,20,194,0
platform,gamebanana,rust,4,194,0
platform,gamebanana,ease-satisfaction,6,194,0
platform,gamebanana,legal,22,194,0
platform,gamebanana,discord,17,194,0
platform,gamebanana,age,1,194,0
platform,gamebanana,competitor-mention,10,194,0
platform,gbatemp,beginner,3,147,26
platform,gbatemp,learning-curve,0,147,26
platform,gbatemp,play-only,29,147,26
platform,gbatemp,ideas-requests,2,147,26
platform,gbatemp,own-game,1,147,26
platform,gbatemp,revival,11,147,26
platform,gbatemp,port,20,147,26
platform,gbatemp,decomp,14,147,26
platform,gbatemp,rust,6,147,26
platform,gbatemp,ease-satisfaction,9,147,26
platform,gbatemp,legal,28,147,26
platform,gbatemp,discord,9,147,26
platform,gbatemp,age,0,147,26
platform,gbatemp,competitor-mention,2,147,26
platform,github,beginner,4,163,1
platform,github,learning-curve,2,163,1
platform,github,play-only,25,163,1
platform,github,ideas-requests,1,163,1
platform,github,own-game,1,163,1
platform,github,revival,4,163,1
platform,github,port,13,163,1
platform,github,decomp,13,163,1
platform,github,rust,10,163,1
platform,github,ease-satisfaction,4,163,1
platform,github,legal,8,163,1
platform,github,discord,1,163,1
platform,github,age,0,163,1
platform,github,competitor-mention,9,163,1
platform,hackernews,beginner,1,145,9
platform,hackernews,learning-curve,0,145,9
platform,hackernews,play-only,16,145,9
platform,hackernews,ideas-requests,4,145,9
platform,hackernews,own-game,0,145,9
platform,hackernews,revival,13,145,9
platform,hackernews,port,12,145,9
platform,hackernews,decomp,9,145,9
platform,hackernews,rust,23,145,9
platform,hackernews,ease-satisfaction,12,145,9
platform,hackernews,legal,13,145,9
platform,hackernews,discord,9,145,9
platform,hackernews,age,4,145,9
platform,hackernews,competitor-mention,7,145,9
platform,itchio,beginner,1,101,53
platform,itchio,learning-curve,1,101,53
platform,itchio,play-only,17,101,53
platform,itchio,ideas-requests,1,101,53
platform,itchio,own-game,2,101,53
platform,itchio,revival,11,101,53
platform,itchio,port,13,101,53
platform,itchio,decomp,0,101,53
platform,itchio,rust,2,101,53
platform,itchio,ease-satisfaction,2,101,53
platform,itchio,legal,0,101,53
platform,itchio,discord,4,101,53
platform,itchio,age,0,101,53
platform,itchio,competitor-mention,29,101,53
platform,moddb,beginner,4,139,10
platform,moddb,learning-curve,0,139,10
platform,moddb,play-only,19,139,10
platform,moddb,ideas-requests,3,139,10
platform,moddb,own-game,1,139,10
platform,moddb,revival,11,139,10
platform,moddb,port,11,139,10
platform,moddb,decomp,12,139,10
platform,moddb,rust,0,139,10
platform,moddb,ease-satisfaction,2,139,10
platform,moddb,legal,14,139,10
platform,moddb,discord,10,139,10
platform,moddb,age,0,139,10
platform,moddb,competitor-mention,5,139,10
platform,modio,beginner,3,75,29
platform,modio,learning-curve,0,75,29
platform,modio,play-only,22,75,29
platform,modio,ideas-requests,0,75,29
platform,modio,own-game,0,75,29
platform,modio,revival,2,75,29
platform,modio,port,2,75,29
platform,modio,decomp,2,75,29
platform,modio,rust,0,75,29
platform,modio,ease-satisfaction,2,75,29
platform,modio,legal,1,75,29
platform,modio,discord,3,75,29
platform,modio,age,0,75,29
platform,modio,competitor-mention,8,75,29
platform,nexusmods,beginner,4,113,41
platform,nexusmods,learning-curve,0,113,41
platform,nexusmods,play-only,22,113,41
platform,nexusmods,ideas-requests,11,113,41
platform,nexusmods,own-game,1,113,41
platform,nexusmods,revival,1,113,41
platform,nexusmods,port,10,113,41
platform,nexusmods,decomp,10,113,41
platform,nexusmods,rust,1,113,41
platform,nexusmods,ease-satisfaction,4,113,41
platform,nexusmods,legal,10,113,41
platform,nexusmods,discord,19,113,41
platform,nexusmods,age,0,113,41
platform,nexusmods,competitor-mention,10,113,41
platform,reddit,beginner,9,180,25
platform,reddit,learning-curve,5,180,25
platform,reddit,play-only,15,180,25
platform,reddit,ideas-requests,8,180,25
platform,reddit,own-game,2,180,25
platform,reddit,revival,11,180,25
platform,reddit,port,21,180,25
platform,reddit,decomp,20,180,25
platform,reddit,rust,20,180,25
platform,reddit,ease-satisfaction,2,180,25
platform,reddit,legal,20,180,25
platform,reddit,discord,10,180,25
platform,reddit,age,0,180,25
platform,reddit,competitor-mention,0,180,25
platform,resetera,beginner,0,144,8
platform,resetera,learning-curve,0,144,8
platform,resetera,play-only,28,144,8
platform,resetera,ideas-requests,1,144,8
platform,resetera,own-game,3,144,8
platform,resetera,revival,22,144,8
platform,resetera,port,13,144,8
platform,resetera,decomp,11,144,8
platform,resetera,rust,1,144,8
platform,resetera,ease-satisfaction,4,144,8
platform,resetera,legal,20,144,8
platform,resetera,discord,20,144,8
platform,resetera,age,0,144,8
platform,resetera,competitor-mention,6,144,8
platform,rustforum,beginner,1,69,47
platform,rustforum,learning-curve,0,69,47
platform,rustforum,play-only,1,69,47
platform,rustforum,ideas-requests,4,69,47
platform,rustforum,own-game,0,69,47
platform,rustforum,revival,0,69,47
platform,rustforum,port,1,69,47
platform,rustforum,decomp,0,69,47
platform,rustforum,rust,32,69,47
platform,rustforum,ease-satisfaction,4,69,47
platform,rustforum,legal,1,69,47
platform,rustforum,discord,4,69,47
platform,rustforum,age,0,69,47
platform,rustforum,competitor-mention,1,69,47
platform,steam,beginner,3,160,10
platform,steam,learning-curve,0,160,10
platform,steam,play-only,15,160,10
platform,steam,ideas-requests,6,160,10
platform,steam,own-game,0,160,10
platform,steam,revival,11,160,10
platform,steam,port,20,160,10
platform,steam,decomp,21,160,10
platform,steam,rust,20,160,10
platform,steam,ease-satisfaction,4,160,10
platform,steam,legal,10,160,10
platform,steam,discord,23,160,10
platform,steam,age,0,160,10
platform,steam,competitor-mention,3,160,10
platform,thunderstore,beginner,0,85,9
platform,thunderstore,learning-curve,0,85,9
platform,thunderstore,play-only,27,85,9
platform,thunderstore,ideas-requests,0,85,9
platform,thunderstore,own-game,0,85,9
platform,thunderstore,revival,0,85,9
platform,thunderstore,port,4,85,9
platform,thunderstore,decomp,2,85,9
platform,thunderstore,rust,6,85,9
platform,thunderstore,ease-satisfaction,9,85,9
platform,thunderstore,legal,2,85,9
platform,thunderstore,discord,10,85,9
platform,thunderstore,age,0,85,9
platform,thunderstore,competitor-mention,51,85,9
platform,tiktok,beginner,3,138,42
platform,tiktok,learning-curve,3,138,42
platform,tiktok,play-only,17,138,42
platform,tiktok,ideas-requests,6,138,42
platform,tiktok,own-game,0,138,42
platform,tiktok,revival,21,138,42
platform,tiktok,port,19,138,42
platform,tiktok,decomp,1,138,42
platform,tiktok,rust,18,138,42
platform,tiktok,ease-satisfaction,12,138,42
platform,tiktok,legal,18,138,42
platform,tiktok,discord,20,138,42
platform,tiktok,age,2,138,42
platform,tiktok,competitor-mention,2,138,42
platform,twitch,beginner,0,98,4
platform,twitch,learning-curve,0,98,4
platform,twitch,play-only,6,98,4
platform,twitch,ideas-requests,0,98,4
platform,twitch,own-game,2,98,4
platform,twitch,revival,4,98,4
platform,twitch,port,11,98,4
platform,twitch,decomp,0,98,4
platform,twitch,rust,0,98,4
platform,twitch,ease-satisfaction,2,98,4
platform,twitch,legal,5,98,4
platform,twitch,discord,0,98,4
platform,twitch,age,0,98,4
platform,twitch,competitor-mention,2,98,4
platform,x,beginner,0,92,39
platform,x,learning-curve,0,92,39
platform,x,play-only,18,92,39
platform,x,ideas-requests,0,92,39
platform,x,own-game,0,92,39
platform,x,revival,10,92,39
platform,x,port,0,92,39
platform,x,decomp,0,92,39
platform,x,rust,10,92,39
platform,x,ease-satisfaction,3,92,39
platform,x,legal,9,92,39
platform,x,discord,11,92,39
platform,x,age,1,92,39
platform,x,competitor-mention,5,92,39
platform,youtube,beginner,6,151,25
platform,youtube,learning-curve,0,151,25
platform,youtube,play-only,23,151,25
platform,youtube,ideas-requests,1,151,25
platform,youtube,own-game,0,151,25
platform,youtube,revival,11,151,25
platform,youtube,port,22,151,25
platform,youtube,decomp,11,151,25
platform,youtube,rust,10,151,25
platform,youtube,ease-satisfaction,7,151,25
platform,youtube,legal,12,151,25
platform,youtube,discord,22,151,25
platform,youtube,age,0,151,25
platform,youtube,competitor-mention,5,151,25
theme,community,beginner,4,255,27
theme,community,learning-curve,0,255,27
theme,community,play-only,35,255,27
theme,community,ideas-requests,9,255,27
theme,community,own-game,0,255,27
theme,community,revival,2,255,27
theme,community,port,2,255,27
theme,community,decomp,0,255,27
theme,community,rust,6,255,27
theme,community,ease-satisfaction,8,255,27
theme,community,legal,4,255,27
theme,community,discord,218,255,27
theme,community,age,0,255,27
theme,community,competitor-mention,20,255,27
theme,decomp,beginner,1,176,70
theme,decomp,learning-curve,3,176,70
theme,decomp,play-only,7,176,70
theme,decomp,ideas-requests,4,176,70
theme,decomp,own-game,0,176,70
theme,decomp,revival,0,176,70
theme,decomp,port,13,176,70
theme,decomp,decomp,154,176,70
theme,decomp,rust,1,176,70
theme,decomp,ease-satisfaction,7,176,70
theme,decomp,legal,9,176,70
theme,decomp,discord,9,176,70
theme,decomp,age,2,176,70
theme,decomp,competitor-mention,2,176,70
theme,fan-game,beginner,1,252,48
theme,fan-game,learning-curve,1,252,48
theme,fan-game,play-only,25,252,48
theme,fan-game,ideas-requests,9,252,48
theme,fan-game,own-game,6,252,48
theme,fan-game,revival,7,252,48
theme,fan-game,port,5,252,48
theme,fan-game,decomp,0,252,48
theme,fan-game,rust,1,252,48
theme,fan-game,ease-satisfaction,2,252,48
theme,fan-game,legal,11,252,48
theme,fan-game,discord,22,252,48
theme,fan-game,age,0,252,48
theme,fan-game,competitor-mention,3,252,48
theme,ip-revival,beginner,0,204,10
theme,ip-revival,learning-curve,2,204,10
theme,ip-revival,play-only,20,204,10
theme,ip-revival,ideas-requests,0,204,10
theme,ip-revival,own-game,2,204,10
theme,ip-revival,revival,160,204,10
theme,ip-revival,port,0,204,10
theme,ip-revival,decomp,0,204,10
theme,ip-revival,rust,0,204,10
theme,ip-revival,ease-satisfaction,4,204,10
theme,ip-revival,legal,7,204,10
theme,ip-revival,discord,20,204,10
theme,ip-revival,age,1,204,10
theme,ip-revival,competitor-mention,10,204,10
theme,learning,beginner,23,256,29
theme,learning,learning-curve,4,256,29
theme,learning,play-only,17,256,29
theme,learning,ideas-requests,8,256,29
theme,learning,own-game,0,256,29
theme,learning,revival,0,256,29
theme,learning,port,1,256,29
theme,learning,decomp,1,256,29
theme,learning,rust,9,256,29
theme,learning,ease-satisfaction,11,256,29
theme,learning,legal,4,256,29
theme,learning,discord,22,256,29
theme,learning,age,1,256,29
theme,learning,competitor-mention,7,256,29
theme,legal,beginner,0,183,66
theme,legal,learning-curve,0,183,66
theme,legal,play-only,10,183,66
theme,legal,ideas-requests,3,183,66
theme,legal,own-game,2,183,66
theme,legal,revival,0,183,66
theme,legal,port,0,183,66
theme,legal,decomp,0,183,66
theme,legal,rust,0,183,66
theme,legal,ease-satisfaction,3,183,66
theme,legal,legal,151,183,66
theme,legal,discord,0,183,66
theme,legal,age,0,183,66
theme,legal,competitor-mention,12,183,66
theme,mod-creation,beginner,8,323,21
theme,mod-creation,learning-curve,2,323,21
theme,mod-creation,play-only,22,323,21
theme,mod-creation,ideas-requests,11,323,21
theme,mod-creation,own-game,2,323,21
theme,mod-creation,revival,2,323,21
theme,mod-creation,port,5,323,21
theme,mod-creation,decomp,1,323,21
theme,mod-creation,rust,2,323,21
theme,mod-creation,ease-satisfaction,27,323,21
theme,mod-creation,legal,11,323,21
theme,mod-creation,discord,24,323,21
theme,mod-creation,age,4,323,21
theme,mod-creation,competitor-mention,36,323,21
theme,mod-install,beginner,8,261,40
theme,mod-install,learning-curve,0,261,40
theme,mod-install,play-only,259,261,40
theme,mod-install,ideas-requests,0,261,40
theme,mod-install,own-game,0,261,40
theme,mod-install,revival,0,261,40
theme,mod-install,port,0,261,40
theme,mod-install,decomp,0,261,40
theme,mod-install,rust,0,261,40
theme,mod-install,ease-satisfaction,26,261,40
theme,mod-install,legal,0,261,40
theme,mod-install,discord,10,261,40
theme,mod-install,age,1,261,40
theme,mod-install,competitor-mention,56,261,40
theme,mod-tools,beginner,5,258,46
theme,mod-tools,learning-curve,0,258,46
theme,mod-tools,play-only,29,258,46
theme,mod-tools,ideas-requests,2,258,46
theme,mod-tools,own-game,0,258,46
theme,mod-tools,revival,4,258,46
theme,mod-tools,port,4,258,46
theme,mod-tools,decomp,0,258,46
theme,mod-tools,rust,3,258,46
theme,mod-tools,ease-satisfaction,13,258,46
theme,mod-tools,legal,3,258,46
theme,mod-tools,discord,15,258,46
theme,mod-tools,age,0,258,46
theme,mod-tools,competitor-mention,27,258,46
theme,pc-port,beginner,1,267,56
theme,pc-port,learning-curve,3,267,56
theme,pc-port,play-only,35,267,56
theme,pc-port,ideas-requests,6,267,56
theme,pc-port,own-game,0,267,56
theme,pc-port,revival,8,267,56
theme,pc-port,port,225,267,56
theme,pc-port,decomp,11,267,56
theme,pc-port,rust,4,267,56
theme,pc-port,ease-satisfaction,7,267,56
theme,pc-port,legal,4,267,56
theme,pc-port,discord,11,267,56
theme,pc-port,age,0,267,56
theme,pc-port,competitor-mention,27,267,56
theme,rust-rebuild,beginner,0,188,28
theme,rust-rebuild,learning-curve,0,188,28
theme,rust-rebuild,play-only,10,188,28
theme,rust-rebuild,ideas-requests,5,188,28
theme,rust-rebuild,own-game,1,188,28
theme,rust-rebuild,revival,1,188,28
theme,rust-rebuild,port,2,188,28
theme,rust-rebuild,decomp,1,188,28
theme,rust-rebuild,rust,150,188,28
theme,rust-rebuild,ease-satisfaction,3,188,28
theme,rust-rebuild,legal,3,188,28
theme,rust-rebuild,discord,2,188,28
theme,rust-rebuild,age,0,188,28
theme,rust-rebuild,competitor-mention,9,188,28
intent,alternative,beginner,7,516,37
intent,alternative,learning-curve,2,516,37
intent,alternative,play-only,100,516,37
intent,alternative,ideas-requests,5,516,37
intent,alternative,own-game,3,516,37
intent,alternative,revival,28,516,37
intent,alternative,port,52,516,37
intent,alternative,decomp,25,516,37
intent,alternative,rust,36,516,37
intent,alternative,ease-satisfaction,29,516,37
intent,alternative,legal,32,516,37
intent,alternative,discord,58,516,37
intent,alternative,age,3,516,37
intent,alternative,competitor-mention,47,516,37
intent,howto,beginner,16,560,122
intent,howto,learning-curve,1,560,122
intent,howto,play-only,113,560,122
intent,howto,ideas-requests,9,560,122
intent,howto,own-game,5,560,122
intent,howto,revival,44,560,122
intent,howto,port,41,560,122
intent,howto,decomp,28,560,122
intent,howto,rust,44,560,122
intent,howto,ease-satisfaction,30,560,122
intent,howto,legal,59,560,122
intent,howto,discord,78,560,122
intent,howto,age,2,560,122
intent,howto,competitor-mention,44,560,122
intent,problem,beginner,6,507,105
intent,problem,learning-curve,7,507,105
intent,problem,play-only,70,507,105
intent,problem,ideas-requests,7,507,105
intent,problem,own-game,2,507,105
intent,problem,revival,26,507,105
intent,problem,port,54,507,105
intent,problem,decomp,50,507,105
intent,problem,rust,35,507,105
intent,problem,ease-satisfaction,16,507,105
intent,problem,legal,41,507,105
intent,problem,discord,52,507,105
intent,problem,age,1,507,105
intent,problem,competitor-mention,28,507,105
intent,recommendation,beginner,18,552,85
intent,recommendation,learning-curve,5,552,85
intent,recommendation,play-only,106,552,85
intent,recommendation,ideas-requests,9,552,85
intent,recommendation,own-game,2,552,85
intent,recommendation,revival,57,552,85
intent,recommendation,port,43,552,85
intent,recommendation,decomp,31,552,85
intent,recommendation,rust,38,552,85
intent,recommendation,ease-satisfaction,15,552,85
intent,recommendation,legal,35,552,85
intent,recommendation,discord,88,552,85
intent,recommendation,age,3,552,85
intent,recommendation,competitor-mention,50,552,85
intent,request,beginner,4,488,92
intent,request,learning-curve,0,488,92
intent,request,play-only,80,488,92
intent,request,ideas-requests,27,488,92
intent,request,own-game,1,488,92
intent,request,revival,29,488,92
intent,request,port,67,488,92
intent,request,decomp,34,488,92
intent,request,rust,23,488,92
intent,request,ease-satisfaction,21,488,92
intent,request,legal,40,488,92
intent,request,discord,77,488,92
intent,request,age,0,488,92
intent,request,competitor-mention,40,488,92
hypothesis,H1,beginner,0,27,0
hypothesis,H1,learning-curve,0,27,0
hypothesis,H1,play-only,1,27,0
hypothesis,H1,ideas-requests,0,27,0
hypothesis,H1,own-game,0,27,0
hypothesis,H1,revival,0,27,0
hypothesis,H1,port,0,27,0
hypothesis,H1,decomp,0,27,0
hypothesis,H1,rust,0,27,0
hypothesis,H1,ease-satisfaction,1,27,0
hypothesis,H1,legal,0,27,0
hypothesis,H1,discord,0,27,0
hypothesis,H1,age,0,27,0
hypothesis,H1,competitor-mention,9,27,0
hypothesis,H10,beginner,0,17,0
hypothesis,H10,learning-curve,0,17,0
hypothesis,H10,play-only,3,17,0
hypothesis,H10,ideas-requests,0,17,0
hypothesis,H10,own-game,0,17,0
hypothesis,H10,revival,1,17,0
hypothesis,H10,port,0,17,0
hypothesis,H10,decomp,0,17,0
hypothesis,H10,rust,0,17,0
hypothesis,H10,ease-satisfaction,16,17,0
hypothesis,H10,legal,0,17,0
hypothesis,H10,discord,0,17,0
hypothesis,H10,age,0,17,0
hypothesis,H10,competitor-mention,0,17,0
hypothesis,H11,beginner,0,24,0
hypothesis,H11,learning-curve,0,24,0
hypothesis,H11,play-only,7,24,0
hypothesis,H11,ideas-requests,0,24,0
hypothesis,H11,own-game,0,24,0
hypothesis,H11,revival,0,24,0
hypothesis,H11,port,0,24,0
hypothesis,H11,decomp,0,24,0
hypothesis,H11,rust,0,24,0
hypothesis,H11,ease-satisfaction,7,24,0
hypothesis,H11,legal,0,24,0
hypothesis,H11,discord,0,24,0
hypothesis,H11,age,0,24,0
hypothesis,H11,competitor-mention,15,24,0
hypothesis,H12,beginner,0,18,0
hypothesis,H12,learning-curve,0,18,0
hypothesis,H12,play-only,1,18,0
hypothesis,H12,ideas-requests,0,18,0
hypothesis,H12,own-game,0,18,0
hypothesis,H12,revival,0,18,0
hypothesis,H12,port,1,18,0
hypothesis,H12,decomp,0,18,0
hypothesis,H12,rust,0,18,0
hypothesis,H12,ease-satisfaction,0,18,0
hypothesis,H12,legal,0,18,0
hypothesis,H12,discord,15,18,0
hypothesis,H12,age,0,18,0
hypothesis,H12,competitor-mention,0,18,0
hypothesis,H2,beginner,0,26,0
hypothesis,H2,learning-curve,0,26,0
hypothesis,H2,play-only,2,26,0
hypothesis,H2,ideas-requests,0,26,0
hypothesis,H2,own-game,0,26,0
hypothesis,H2,revival,0,26,0
hypothesis,H2,port,0,26,0
hypothesis,H2,decomp,0,26,0
hypothesis,H2,rust,0,26,0
hypothesis,H2,ease-satisfaction,0,26,0
hypothesis,H2,legal,0,26,0
hypothesis,H2,discord,0,26,0
hypothesis,H2,age,0,26,0
hypothesis,H2,competitor-mention,0,26,0
hypothesis,H3,beginner,2,26,0
hypothesis,H3,learning-curve,0,26,0
hypothesis,H3,play-only,19,26,0
hypothesis,H3,ideas-requests,0,26,0
hypothesis,H3,own-game,0,26,0
hypothesis,H3,revival,0,26,0
hypothesis,H3,port,0,26,0
hypothesis,H3,decomp,0,26,0
hypothesis,H3,rust,0,26,0
hypothesis,H3,ease-satisfaction,12,26,0
hypothesis,H3,legal,0,26,0
hypothesis,H3,discord,0,26,0
hypothesis,H3,age,0,26,0
hypothesis,H3,competitor-mention,16,26,0
hypothesis,H4,beginner,0,24,0
hypothesis,H4,learning-curve,1,24,0
hypothesis,H4,play-only,2,24,0
hypothesis,H4,ideas-requests,23,24,0
hypothesis,H4,own-game,0,24,0
hypothesis,H4,revival,0,24,0
hypothesis,H4,port,1,24,0
hypothesis,H4,decomp,0,24,0
hypothesis,H4,rust,0,24,0
hypothesis,H4,ease-satisfaction,2,24,0
hypothesis,H4,legal,0,24,0
hypothesis,H4,discord,0,24,0
hypothesis,H4,age,0,24,0
hypothesis,H4,competitor-mention,0,24,0
hypothesis,H5,beginner,1,26,0
hypothesis,H5,learning-curve,0,26,0
hypothesis,H5,play-only,3,26,0
hypothesis,H5,ideas-requests,1,26,0
hypothesis,H5,own-game,0,26,0
hypothesis,H5,revival,0,26,0
hypothesis,H5,port,0,26,0
hypothesis,H5,decomp,0,26,0
hypothesis,H5,rust,0,26,0
hypothesis,H5,ease-satisfaction,8,26,0
hypothesis,H5,legal,0,26,0
hypothesis,H5,discord,0,26,0
hypothesis,H5,age,0,26,0
hypothesis,H5,competitor-mention,0,26,0
hypothesis,H6,beginner,0,23,0
hypothesis,H6,learning-curve,0,23,0
hypothesis,H6,play-only,4,23,0
hypothesis,H6,ideas-requests,0,23,0
hypothesis,H6,own-game,5,23,0
hypothesis,H6,revival,0,23,0
hypothesis,H6,port,0,23,0
hypothesis,H6,decomp,0,23,0
hypothesis,H6,rust,0,23,0
hypothesis,H6,ease-satisfaction,1,23,0
hypothesis,H6,legal,0,23,0
hypothesis,H6,discord,0,23,0
hypothesis,H6,age,0,23,0
hypothesis,H6,competitor-mention,0,23,0
hypothesis,H7,beginner,0,18,0
hypothesis,H7,learning-curve,0,18,0
hypothesis,H7,play-only,1,18,0
hypothesis,H7,ideas-requests,2,18,0
hypothesis,H7,own-game,0,18,0
hypothesis,H7,revival,4,18,0
hypothesis,H7,port,0,18,0
hypothesis,H7,decomp,0,18,0
hypothesis,H7,rust,0,18,0
hypothesis,H7,ease-satisfaction,0,18,0
hypothesis,H7,legal,2,18,0
hypothesis,H7,discord,0,18,0
hypothesis,H7,age,1,18,0
hypothesis,H7,competitor-mention,0,18,0
hypothesis,H8,beginner,0,18,0
hypothesis,H8,learning-curve,0,18,0
hypothesis,H8,play-only,4,18,0
hypothesis,H8,ideas-requests,0,18,0
hypothesis,H8,own-game,0,18,0
hypothesis,H8,revival,0,18,0
hypothesis,H8,port,9,18,0
hypothesis,H8,decomp,7,18,0
hypothesis,H8,rust,0,18,0
hypothesis,H8,ease-satisfaction,0,18,0
hypothesis,H8,legal,1,18,0
hypothesis,H8,discord,0,18,0
hypothesis,H8,age,0,18,0
hypothesis,H8,competitor-mention,0,18,0
hypothesis,H9,beginner,0,27,0
hypothesis,H9,learning-curve,1,27,0
hypothesis,H9,play-only,1,27,0
hypothesis,H9,ideas-requests,1,27,0
hypothesis,H9,own-game,1,27,0
hypothesis,H9,revival,0,27,0
hypothesis,H9,port,2,27,0
hypothesis,H9,decomp,0,27,0
hypothesis,H9,rust,15,27,0
hypothesis,H9,ease-satisfaction,0,27,0
hypothesis,H9,legal,0,27,0
hypothesis,H9,discord,0,27,0
hypothesis,H9,age,0,27,0
hypothesis,H9,competitor-mention,0,27,0
query,unknown,beginner,2,35,0
query,unknown,learning-curve,0,35,0
query,unknown,play-only,2,35,0
query,unknown,ideas-requests,7,35,0
query,unknown,own-game,0,35,0
query,unknown,revival,0,35,0
query,unknown,port,3,35,0
query,unknown,decomp,5,35,0
query,unknown,rust,0,35,0
query,unknown,ease-satisfaction,1,35,0
query,unknown,legal,0,35,0
query,unknown,discord,0,35,0
query,unknown,age,0,35,0
query,unknown,competitor-mention,1,35,0
