dimension,value,group,hits,results
all,all,beginner,3,99
all,all,learning-curve,0,99
all,all,play-only,17,99
all,all,ideas-requests,2,99
all,all,own-game,0,99
all,all,revival,9,99
all,all,port,8,99
all,all,decomp,12,99
all,all,rust,0,99
all,all,ease-satisfaction,2,99
all,all,legal,7,99
all,all,discord,0,99
all,all,age,1,99
all,all,competitor-mention,6,99
platform,gbatemp,beginner,1,10
platform,gbatemp,learning-curve,0,10
platform,gbatemp,play-only,2,10
platform,gbatemp,ideas-requests,1,10
platform,gbatemp,own-game,0,10
platform,gbatemp,revival,0,10
platform,gbatemp,port,0,10
platform,gbatemp,decomp,0,10
platform,gbatemp,rust,0,10
platform,gbatemp,ease-satisfaction,0,10
platform,gbatemp,legal,0,10
platform,gbatemp,discord,0,10
platform,gbatemp,age,0,10
platform,gbatemp,competitor-mention,0,10
platform,github,beginner,0,10
platform,github,learning-curve,0,10
platform,github,play-only,1,10
platform,github,ideas-requests,0,10
platform,github,own-game,0,10
platform,github,revival,0,10
platform,github,port,1,10
platform,github,decomp,10,10
platform,github,rust,0,10
platform,github,ease-satisfaction,0,10
platform,github,legal,0,10
platform,github,discord,0,10
platform,github,age,0,10
platform,github,competitor-mention,0,10
platform,itchio,beginner,0,10
platform,itchio,learning-curve,0,10
platform,itchio,play-only,1,10
platform,itchio,ideas-requests,0,10
platform,itchio,own-game,0,10
platform,itchio,revival,3,10
platform,itchio,port,0,10
platform,itchio,decomp,0,10
platform,itchio,rust,0,10
platform,itchio,ease-satisfaction,0,10
platform,itchio,legal,0,10
platform,itchio,discord,0,10
platform,itchio,age,1,10
platform,itchio,competitor-mention,2,10
platform,nexusmods,beginner,0,10
platform,nexusmods,learning-curve,0,10
platform,nexusmods,play-only,10,10
platform,nexusmods,ideas-requests,1,10
platform,nexusmods,own-game,0,10
platform,nexusmods,revival,0,10
platform,nexusmods,port,0,10
platform,nexusmods,decomp,0,10
platform,nexusmods,rust,0,10
platform,nexusmods,ease-satisfaction,0,10
platform,nexusmods,legal,0,10
platform,nexusmods,discord,0,10
platform,nexusmods,age,0,10
platform,nexusmods,competitor-mention,4,10
platform,reddit,beginner,0,10
platform,reddit,learning-curve,0,10
platform,reddit,play-only,0,10
platform,reddit,ideas-requests,0,10
platform,reddit,own-game,0,10
platform,reddit,revival,0,10
platform,reddit,port,7,10
platform,reddit,decomp,2,10
platform,reddit,rust,0,10
platform,reddit,ease-satisfaction,1,10
platform,reddit,legal,0,10
platform,reddit,discord,0,10
platform,reddit,age,0,10
platform,reddit,competitor-mention,0,10
platform,tiktok,beginner,0,10
platform,tiktok,learning-curve,0,10
platform,tiktok,play-only,3,10
platform,tiktok,ideas-requests,0,10
platform,tiktok,own-game,0,10
platform,tiktok,revival,0,10
platform,tiktok,port,0,10
platform,tiktok,decomp,0,10
platform,tiktok,rust,0,10
platform,tiktok,ease-satisfaction,0,10
platform,tiktok,legal,0,10
platform,tiktok,discord,0,10
platform,tiktok,age,0,10
platform,tiktok,competitor-mention,0,10
platform,x,beginner,0,10
platform,x,learning-curve,0,10
platform,x,play-only,0,10
platform,x,ideas-requests,0,10
platform,x,own-game,0,10
platform,x,revival,0,10
platform,x,port,0,10
platform,x,decomp,0,10
platform,x,rust,0,10
platform,x,ease-satisfaction,0,10
platform,x,legal,4,10
platform,x,discord,0,10
platform,x,age,0,10
platform,x,competitor-mention,0,10
platform,youtube,beginner,2,10
platform,youtube,learning-curve,0,10
platform,youtube,play-only,0,10
platform,youtube,ideas-requests,0,10
platform,youtube,own-game,0,10
platform,youtube,revival,0,10
platform,youtube,port,0,10
platform,youtube,decomp,0,10
platform,youtube,rust,0,10
platform,youtube,ease-satisfaction,1,10
platform,youtube,legal,0,10
platform,youtube,discord,0,10
platform,youtube,age,0,10
platform,youtube,competitor-mention,0,10
theme,decomp,beginner,0,10
theme,decomp,learning-curve,0,10
theme,decomp,play-only,1,10
theme,decomp,ideas-requests,0,10
theme,decomp,own-game,0,10
theme,decomp,revival,0,10
theme,decomp,port,1,10
theme,decomp,decomp,10,10
theme,decomp,rust,0,10
theme,decomp,ease-satisfaction,0,10
theme,decomp,legal,0,10
theme,decomp,discord,0,10
theme,decomp,age,0,10
theme,decomp,competitor-mention,0,10
theme,fan-game,beginner,0,20
theme,fan-game,learning-curve,0,20
theme,fan-game,play-only,4,20
theme,fan-game,ideas-requests,0,20
theme,fan-game,own-game,0,20
theme,fan-game,revival,3,20
theme,fan-game,port,0,20
theme,fan-game,decomp,0,20
theme,fan-game,rust,0,20
theme,fan-game,ease-satisfaction,0,20
theme,fan-game,legal,0,20
theme,fan-game,discord,0,20
theme,fan-game,age,1,20
theme,fan-game,competitor-mention,2,20
theme,legal,beginner,0,10
theme,legal,learning-curve,0,10
theme,legal,play-only,0,10
theme,legal,ideas-requests,0,10
theme,legal,own-game,0,10
theme,legal,revival,0,10
theme,legal,port,0,10
theme,legal,decomp,0,10
theme,legal,rust,0,10
theme,legal,ease-satisfaction,0,10
theme,legal,legal,4,10
theme,legal,discord,0,10
theme,legal,age,0,10
theme,legal,competitor-mention,0,10
theme,mod-creation,beginner,2,10
theme,mod-creation,learning-curve,0,10
theme,mod-creation,play-only,0,10
theme,mod-creation,ideas-requests,0,10
theme,mod-creation,own-game,0,10
theme,mod-creation,revival,0,10
theme,mod-creation,port,0,10
theme,mod-creation,decomp,0,10
theme,mod-creation,rust,0,10
theme,mod-creation,ease-satisfaction,1,10
theme,mod-creation,legal,0,10
theme,mod-creation,discord,0,10
theme,mod-creation,age,0,10
theme,mod-creation,competitor-mention,0,10
theme,mod-install,beginner,0,10
theme,mod-install,learning-curve,0,10
theme,mod-install,play-only,10,10
theme,mod-install,ideas-requests,1,10
theme,mod-install,own-game,0,10
theme,mod-install,revival,0,10
theme,mod-install,port,0,10
theme,mod-install,decomp,0,10
theme,mod-install,rust,0,10
theme,mod-install,ease-satisfaction,0,10
theme,mod-install,legal,0,10
theme,mod-install,discord,0,10
theme,mod-install,age,0,10
theme,mod-install,competitor-mention,4,10
theme,pc-port,beginner,1,20
theme,pc-port,learning-curve,0,20
theme,pc-port,play-only,2,20
theme,pc-port,ideas-requests,1,20
theme,pc-port,own-game,0,20
theme,pc-port,revival,0,20
theme,pc-port,port,7,20
theme,pc-port,decomp,2,20
theme,pc-port,rust,0,20
theme,pc-port,ease-satisfaction,1,20
theme,pc-port,legal,0,20
theme,pc-port,discord,0,20
theme,pc-port,age,0,20
theme,pc-port,competitor-mention,0,20
intent,howto,beginner,2,20
intent,howto,learning-curve,0,20
intent,howto,play-only,1,20
intent,howto,ideas-requests,0,20
intent,howto,own-game,0,20
intent,howto,revival,0,20
intent,howto,port,1,20
intent,howto,decomp,10,20
intent,howto,rust,0,20
intent,howto,ease-satisfaction,1,20
intent,howto,legal,0,20
intent,howto,discord,0,20
intent,howto,age,0,20
intent,howto,competitor-mention,0,20
intent,problem,beginner,0,20
intent,problem,learning-curve,0,20
intent,problem,play-only,10,20
intent,problem,ideas-requests,1,20
intent,problem,own-game,0,20
intent,problem,revival,0,20
intent,problem,port,0,20
intent,problem,decomp,0,20
intent,problem,rust,0,20
intent,problem,ease-satisfaction,0,20
intent,problem,legal,4,20
intent,problem,discord,0,20
intent,problem,age,0,20
intent,problem,competitor-mention,4,20
intent,recommendation,beginner,0,20
intent,recommendation,learning-curve,0,20
intent,recommendation,play-only,1,20
intent,recommendation,ideas-requests,0,20
intent,recommendation,own-game,0,20
intent,recommendation,revival,3,20
intent,recommendation,port,7,20
intent,recommendation,decomp,2,20
intent,recommendation,rust,0,20
intent,recommendation,ease-satisfaction,1,20
intent,recommendation,legal,0,20
intent,recommendation,discord,0,20
intent,recommendation,age,1,20
intent,recommendation,competitor-mention,2,20
intent,request,beginner,1,20
intent,request,learning-curve,0,20
intent,request,play-only,5,20
intent,request,ideas-requests,1,20
intent,request,own-game,0,20
intent,request,revival,0,20
intent,request,port,0,20
intent,request,decomp,0,20
intent,request,rust,0,20
intent,request,ease-satisfaction,0,20
intent,request,legal,0,20
intent,request,discord,0,20
intent,request,age,0,20
intent,request,competitor-mention,0,20
hypothesis,H1,beginner,0,9
hypothesis,H1,learning-curve,0,9
hypothesis,H1,play-only,0,9
hypothesis,H1,ideas-requests,0,9
hypothesis,H1,own-game,0,9
hypothesis,H1,revival,0,9
hypothesis,H1,port,0,9
hypothesis,H1,decomp,0,9
hypothesis,H1,rust,0,9
hypothesis,H1,ease-satisfaction,0,9
hypothesis,H1,legal,0,9
hypothesis,H1,discord,0,9
hypothesis,H1,age,0,9
hypothesis,H1,competitor-mention,0,9
hypothesis,H7,beginner,0,10
hypothesis,H7,learning-curve,0,10
hypothesis,H7,play-only,0,10
hypothesis,H7,ideas-requests,0,10
hypothesis,H7,own-game,0,10
hypothesis,H7,revival,6,10
hypothesis,H7,port,0,10
hypothesis,H7,decomp,0,10
hypothesis,H7,rust,0,10
hypothesis,H7,ease-satisfaction,0,10
hypothesis,H7,legal,3,10
hypothesis,H7,discord,0,10
hypothesis,H7,age,0,10
hypothesis,H7,competitor-mention,0,10
